2026-03-25T10:27:55.503+02:00  INFO 6370 --- [restartedMain] com.example.project.AuthApplication      : Starting AuthApplication using Java 21.0.7 with PID 6370 (/Users/andrshv/IdeaProjects/SmartGram-Auth-Service/target/classes started by andrshv in /Users/andrshv/IdeaProjects/SmartGram-Auth-Service)
2026-03-25T10:27:55.507+02:00 DEBUG 6370 --- [restartedMain] com.example.project.AuthApplication      : Running with Spring Boot v3.2.1, Spring v6.1.2
2026-03-25T10:27:55.507+02:00  INFO 6370 --- [restartedMain] com.example.project.AuthApplication      : No active profile set, falling back to 1 default profile: "default"
2026-03-25T10:27:55.522+02:00  INFO 6370 --- [restartedMain] .e.DevToolsPropertyDefaultsPostProcessor : Devtools property defaults active! Set 'spring.devtools.add-properties' to 'false' to disable
2026-03-25T10:27:55.523+02:00  INFO 6370 --- [restartedMain] .e.DevToolsPropertyDefaultsPostProcessor : For additional web related logging consider setting the 'logging.level.web' property to 'DEBUG'
2026-03-25T10:27:55.964+02:00  INFO 6370 --- [restartedMain] .s.d.r.c.RepositoryConfigurationDelegate : Bootstrapping Spring Data JPA repositories in DEFAULT mode.
2026-03-25T10:27:55.983+02:00  INFO 6370 --- [restartedMain] .s.d.r.c.RepositoryConfigurationDelegate : Finished Spring Data repository scanning in 16 ms. Found 1 JPA repository interface.
2026-03-25T10:27:56.372+02:00  INFO 6370 --- [restartedMain] o.s.b.w.embedded.tomcat.TomcatWebServer  : Tomcat initialized with port 8081 (http)
2026-03-25T10:27:56.377+02:00  INFO 6370 --- [restartedMain] o.apache.catalina.core.StandardService   : Starting service [Tomcat]
2026-03-25T10:27:56.377+02:00  INFO 6370 --- [restartedMain] o.apache.catalina.core.StandardEngine    : Starting Servlet engine: [Apache Tomcat/10.1.17]
2026-03-25T10:27:56.396+02:00  INFO 6370 --- [restartedMain] o.a.c.c.C.[Tomcat].[localhost].[/]       : Initializing Spring embedded WebApplicationContext
2026-03-25T10:27:56.397+02:00  INFO 6370 --- [restartedMain] w.s.c.ServletWebServerApplicationContext : Root WebApplicationContext: initialization completed in 873 ms
2026-03-25T10:27:56.571+02:00  INFO 6370 --- [restartedMain] o.hibernate.jpa.internal.util.LogHelper  : HHH000204: Processing PersistenceUnitInfo [name: default]
2026-03-25T10:27:56.589+02:00  INFO 6370 --- [restartedMain] org.hibernate.Version                    : HHH000412: Hibernate ORM core version 6.4.1.Final
2026-03-25T10:27:56.599+02:00  INFO 6370 --- [restartedMain] o.h.c.internal.RegionFactoryInitiator    : HHH000026: Second-level cache disabled
2026-03-25T10:27:56.667+02:00  INFO 6370 --- [restartedMain] o.s.o.j.p.SpringPersistenceUnitInfo      : No LoadTimeWeaver setup: ignoring JPA class transformer
2026-03-25T10:27:56.675+02:00  INFO 6370 --- [restartedMain] com.zaxxer.hikari.HikariDataSource       : HikariPool-1 - Starting...
2026-03-25T10:27:56.738+02:00  INFO 6370 --- [restartedMain] com.zaxxer.hikari.pool.HikariPool        : HikariPool-1 - Added connection com.mysql.cj.jdbc.ConnectionImpl@61fc6102
2026-03-25T10:27:56.738+02:00  INFO 6370 --- [restartedMain] com.zaxxer.hikari.HikariDataSource       : HikariPool-1 - Start completed.
2026-03-25T10:27:57.030+02:00  INFO 6370 --- [restartedMain] o.h.e.t.j.p.i.JtaPlatformInitiator       : HHH000489: No JTA platform available (set 'hibernate.transaction.jta.platform' to enable JTA platform integration)
2026-03-25T10:27:57.049+02:00  INFO 6370 --- [restartedMain] j.LocalContainerEntityManagerFactoryBean : Initialized JPA EntityManagerFactory for persistence unit 'default'
2026-03-25T10:27:57.516+02:00  WARN 6370 --- [restartedMain] JpaBaseConfiguration$JpaWebConfiguration : spring.jpa.open-in-view is enabled by default. Therefore, database queries may be performed during view rendering. Explicitly configure spring.jpa.open-in-view to disable this warning
2026-03-25T10:27:57.824+02:00  INFO 6370 --- [restartedMain] o.s.b.a.e.web.EndpointLinksResolver      : Exposing 2 endpoint(s) beneath base path '/actuator'
2026-03-25T10:27:57.887+02:00  INFO 6370 --- [restartedMain] o.s.s.web.DefaultSecurityFilterChain     : Will secure any request with [org.springframework.security.web.session.DisableEncodeUrlFilter@2fcbfec7, org.springframework.security.web.context.request.async.WebAsyncManagerIntegrationFilter@6e898c26, org.springframework.security.web.context.SecurityContextHolderFilter@31f8fba5, org.springframework.security.web.header.HeaderWriterFilter@4e219726, org.springframework.web.filter.CorsFilter@2db78ea5, org.springframework.security.web.authentication.logout.LogoutFilter@11845847, org.springframework.security.oauth2.client.web.OAuth2AuthorizationRequestRedirectFilter@5de29911, org.springframework.security.oauth2.client.web.OAuth2LoginAuthenticationFilter@cb8c9f0, com.example.project.filters.JwtFilter@33b54576, org.springframework.security.web.authentication.UsernamePasswordAuthenticationFilter@46b26889, org.springframework.security.web.savedrequest.RequestCacheAwareFilter@2756eca8, org.springframework.security.web.servletapi.SecurityContextHolderAwareRequestFilter@44391815, org.springframework.security.web.authentication.AnonymousAuthenticationFilter@7b12d4c9, org.springframework.security.web.session.SessionManagementFilter@102637a8, org.springframework.security.web.access.ExceptionTranslationFilter@5e783141, org.springframework.security.web.access.intercept.AuthorizationFilter@ef242a8]
2026-03-25T10:27:58.324+02:00  WARN 6370 --- [restartedMain] o.s.b.d.a.OptionalLiveReloadServer       : Unable to start LiveReload server
2026-03-25T10:27:58.352+02:00  INFO 6370 --- [restartedMain] o.s.b.w.embedded.tomcat.TomcatWebServer  : Tomcat started on port 8081 (http) with context path ''
2026-03-25T10:27:58.358+02:00  INFO 6370 --- [restartedMain] com.example.project.AuthApplication      : Started AuthApplication in 2.987 seconds (process running for 3.152)
2026-03-25T10:29:26.533+02:00  INFO 6370 --- [http-nio-8081-exec-1] o.a.c.c.C.[Tomcat].[localhost].[/]       : Initializing Spring DispatcherServlet 'dispatcherServlet'
2026-03-25T10:29:26.533+02:00  INFO 6370 --- [http-nio-8081-exec-1] o.s.web.servlet.DispatcherServlet        : Initializing Servlet 'dispatcherServlet'
2026-03-25T10:29:26.534+02:00  INFO 6370 --- [http-nio-8081-exec-1] o.s.web.servlet.DispatcherServlet        : Completed initialization in 1 ms
2026-03-25T10:29:26.548+02:00 DEBUG 6370 --- [http-nio-8081-exec-1] o.s.s.w.a.AnonymousAuthenticationFilter  : Set SecurityContextHolder to anonymous SecurityContext
2026-03-25T10:29:26.599+02:00  INFO 6370 --- [http-nio-8081-exec-1] c.e.project.log.DetailedLoggingAspect    : ┌──▶ ВХОД: AuthRestController.login
2026-03-25T10:29:26.600+02:00  INFO 6370 --- [http-nio-8081-exec-1] c.e.project.log.DetailedLoggingAspect    : │ Параметры:
2026-03-25T10:29:26.600+02:00  INFO 6370 --- [http-nio-8081-exec-1] c.e.project.log.DetailedLoggingAspect    : │   • dto = [PROTECTED]
2026-03-25T10:29:26.600+02:00  INFO 6370 --- [http-nio-8081-exec-1] c.e.project.log.DetailedLoggingAspect    :   ┌──▶ ВХОД: AuthServiceImpl.loginUser
2026-03-25T10:29:26.600+02:00  INFO 6370 --- [http-nio-8081-exec-1] c.e.project.log.DetailedLoggingAspect    :   │ Параметры:
2026-03-25T10:29:26.600+02:00  INFO 6370 --- [http-nio-8081-exec-1] c.e.project.log.DetailedLoggingAspect    :   │   • dto = [PROTECTED]
2026-03-25T10:29:26.600+02:00  INFO 6370 --- [http-nio-8081-exec-1] c.e.project.service.AuthServiceImpl      : Попытка входа: andrey678a@gmail.com
2026-03-25T10:29:26.636+02:00 DEBUG 6370 --- [http-nio-8081-exec-1] org.hibernate.SQL                        : select u1_0.id,u1_0.is_active,u1_0.created_at,u1_0.email,u1_0.password,u1_0.reset_token,u1_0.reset_token_created_at,u1_0.role,u1_0.updated_at,u1_0.username from users u1_0 where u1_0.email=?
2026-03-25T10:29:26.739+02:00  INFO 6370 --- [http-nio-8081-exec-1] c.e.project.log.DetailedLoggingAspect    :   │ ✓ УСПЕШНО: AuthServiceImpl.loginUser
2026-03-25T10:29:26.739+02:00  INFO 6370 --- [http-nio-8081-exec-1] c.e.project.log.DetailedLoggingAspect    :   │ Результат: UserResponseDTO [PROTECTED]
2026-03-25T10:29:26.739+02:00  INFO 6370 --- [http-nio-8081-exec-1] c.e.project.log.DetailedLoggingAspect    :   │ ⏱ Время: 139 мс
2026-03-25T10:29:26.739+02:00  INFO 6370 --- [http-nio-8081-exec-1] c.e.project.log.DetailedLoggingAspect    :   └──▶ ВЫХОД: AuthServiceImpl.loginUser
2026-03-25T10:29:26.740+02:00  INFO 6370 --- [http-nio-8081-exec-1] c.e.project.log.DetailedLoggingAspect    : │ ✓ УСПЕШНО: AuthRestController.login
2026-03-25T10:29:26.740+02:00  INFO 6370 --- [http-nio-8081-exec-1] c.e.project.log.DetailedLoggingAspect    : │ Результат: ResponseEntity [PROTECTED]
2026-03-25T10:29:26.740+02:00  INFO 6370 --- [http-nio-8081-exec-1] c.e.project.log.DetailedLoggingAspect    : │ ⏱ Время: 141 мс
2026-03-25T10:29:26.740+02:00  INFO 6370 --- [http-nio-8081-exec-1] c.e.project.log.DetailedLoggingAspect    : └──▶ ВЫХОД: AuthRestController.login
2026-03-25T10:33:37.276+02:00  INFO 6370 --- [http-nio-8081-exec-4] c.e.project.log.DetailedLoggingAspect    : ┌──▶ ВХОД: CustomUserDetailsService.loadUserByUsername
2026-03-25T10:33:37.276+02:00  INFO 6370 --- [http-nio-8081-exec-4] c.e.project.log.DetailedLoggingAspect    : │ Параметры:
2026-03-25T10:33:37.276+02:00  INFO 6370 --- [http-nio-8081-exec-4] c.e.project.log.DetailedLoggingAspect    : │   • identifier = andrey678a@gmail.com
2026-03-25T10:33:37.276+02:00 DEBUG 6370 --- [http-nio-8081-exec-4] c.e.p.s.custom.CustomUserDetailsService  : Попытка загрузить пользователя по identifier: andrey678a@gmail.com
2026-03-25T10:33:37.294+02:00 DEBUG 6370 --- [http-nio-8081-exec-4] org.hibernate.SQL                        : select u1_0.id,u1_0.is_active,u1_0.created_at,u1_0.email,u1_0.password,u1_0.reset_token,u1_0.reset_token_created_at,u1_0.role,u1_0.updated_at,u1_0.username from users u1_0 where upper(u1_0.email)=upper(?)
2026-03-25T10:33:37.306+02:00 DEBUG 6370 --- [http-nio-8081-exec-4] c.e.p.s.custom.CustomUserDetailsService  : Пользователь загружен успешно: andrey678a@gmail.com (email: db40fbe5-c5a4-4b6f-b04b-fc8b6df8706c, id: {})
2026-03-25T10:33:37.306+02:00  INFO 6370 --- [http-nio-8081-exec-4] c.e.project.log.DetailedLoggingAspect    : │ ✓ УСПЕШНО: CustomUserDetailsService.loadUserByUsername
2026-03-25T10:33:37.307+02:00  INFO 6370 --- [http-nio-8081-exec-4] c.e.project.log.DetailedLoggingAspect    : │ Результат: CustomUserDetails com.example.project.service.custom.CustomUserDetails@269ce353
2026-03-25T10:33:37.307+02:00  INFO 6370 --- [http-nio-8081-exec-4] c.e.project.log.DetailedLoggingAspect    : │ ⏱ Время: 30 мс
2026-03-25T10:33:37.307+02:00  INFO 6370 --- [http-nio-8081-exec-4] c.e.project.log.DetailedLoggingAspect    : └──▶ ВЫХОД: CustomUserDetailsService.loadUserByUsername
2026-03-25T10:33:37.308+02:00  INFO 6370 --- [http-nio-8081-exec-4] c.e.project.log.DetailedLoggingAspect    : ┌──▶ ВХОД: AuthRestController.me
2026-03-25T10:33:37.308+02:00  INFO 6370 --- [http-nio-8081-exec-4] c.e.project.log.DetailedLoggingAspect    : │ Параметры:
2026-03-25T10:33:37.308+02:00  INFO 6370 --- [http-nio-8081-exec-4] c.e.project.log.DetailedLoggingAspect    : │   • authentication = [PROTECTED]
2026-03-25T10:33:37.314+02:00 DEBUG 6370 --- [http-nio-8081-exec-4] org.hibernate.SQL                        : select u1_0.id,u1_0.is_active,u1_0.created_at,u1_0.email,u1_0.password,u1_0.reset_token,u1_0.reset_token_created_at,u1_0.role,u1_0.updated_at,u1_0.username from users u1_0 where u1_0.id=?
2026-03-25T10:33:37.317+02:00  INFO 6370 --- [http-nio-8081-exec-4] c.e.project.log.DetailedLoggingAspect    : │ ✓ УСПЕШНО: AuthRestController.me
2026-03-25T10:33:37.317+02:00  INFO 6370 --- [http-nio-8081-exec-4] c.e.project.log.DetailedLoggingAspect    : │ Результат: ResponseEntity [PROTECTED]
2026-03-25T10:33:37.317+02:00  INFO 6370 --- [http-nio-8081-exec-4] c.e.project.log.DetailedLoggingAspect    : │ ⏱ Время: 9 мс
2026-03-25T10:33:37.317+02:00  INFO 6370 --- [http-nio-8081-exec-4] c.e.project.log.DetailedLoggingAspect    : └──▶ ВЫХОД: AuthRestController.me
2026-03-25T10:49:42.732+02:00  INFO 6370 --- [http-nio-8081-exec-6] c.e.project.log.DetailedLoggingAspect    : ┌──▶ ВХОД: CustomUserDetailsService.loadUserByUsername
2026-03-25T10:49:42.732+02:00  INFO 6370 --- [http-nio-8081-exec-6] c.e.project.log.DetailedLoggingAspect    : │ Параметры:
2026-03-25T10:49:42.732+02:00  INFO 6370 --- [http-nio-8081-exec-6] c.e.project.log.DetailedLoggingAspect    : │   • identifier = andrey678a@gmail.com
2026-03-25T10:49:42.732+02:00 DEBUG 6370 --- [http-nio-8081-exec-6] c.e.p.s.custom.CustomUserDetailsService  : Попытка загрузить пользователя по identifier: andrey678a@gmail.com
2026-03-25T10:49:42.733+02:00 DEBUG 6370 --- [http-nio-8081-exec-6] org.hibernate.SQL                        : select u1_0.id,u1_0.is_active,u1_0.created_at,u1_0.email,u1_0.password,u1_0.reset_token,u1_0.reset_token_created_at,u1_0.role,u1_0.updated_at,u1_0.username from users u1_0 where upper(u1_0.email)=upper(?)
2026-03-25T10:49:42.739+02:00 DEBUG 6370 --- [http-nio-8081-exec-6] c.e.p.s.custom.CustomUserDetailsService  : Пользователь загружен успешно: andrey678a@gmail.com (email: db40fbe5-c5a4-4b6f-b04b-fc8b6df8706c, id: {})
2026-03-25T10:49:42.739+02:00  INFO 6370 --- [http-nio-8081-exec-6] c.e.project.log.DetailedLoggingAspect    : │ ✓ УСПЕШНО: CustomUserDetailsService.loadUserByUsername
2026-03-25T10:49:42.739+02:00  INFO 6370 --- [http-nio-8081-exec-6] c.e.project.log.DetailedLoggingAspect    : │ Результат: CustomUserDetails com.example.project.service.custom.CustomUserDetails@4bb3ceb8
2026-03-25T10:49:42.739+02:00  INFO 6370 --- [http-nio-8081-exec-6] c.e.project.log.DetailedLoggingAspect    : │ ⏱ Время: 7 мс
2026-03-25T10:49:42.739+02:00  INFO 6370 --- [http-nio-8081-exec-6] c.e.project.log.DetailedLoggingAspect    : └──▶ ВЫХОД: CustomUserDetailsService.loadUserByUsername
2026-03-25T10:49:42.740+02:00  INFO 6370 --- [http-nio-8081-exec-6] c.e.project.log.DetailedLoggingAspect    : ┌──▶ ВХОД: AuthRestController.me
2026-03-25T10:49:42.740+02:00  INFO 6370 --- [http-nio-8081-exec-6] c.e.project.log.DetailedLoggingAspect    : │ Параметры:
2026-03-25T10:49:42.740+02:00  INFO 6370 --- [http-nio-8081-exec-6] c.e.project.log.DetailedLoggingAspect    : │   • authentication = [PROTECTED]
2026-03-25T10:49:42.741+02:00 DEBUG 6370 --- [http-nio-8081-exec-6] org.hibernate.SQL                        : select u1_0.id,u1_0.is_active,u1_0.created_at,u1_0.email,u1_0.password,u1_0.reset_token,u1_0.reset_token_created_at,u1_0.role,u1_0.updated_at,u1_0.username from users u1_0 where u1_0.id=?
2026-03-25T10:49:42.742+02:00  INFO 6370 --- [http-nio-8081-exec-6] c.e.project.log.DetailedLoggingAspect    : │ ✓ УСПЕШНО: AuthRestController.me
2026-03-25T10:49:42.742+02:00  INFO 6370 --- [http-nio-8081-exec-6] c.e.project.log.DetailedLoggingAspect    : │ Результат: ResponseEntity [PROTECTED]
2026-03-25T10:49:42.742+02:00  INFO 6370 --- [http-nio-8081-exec-6] c.e.project.log.DetailedLoggingAspect    : │ ⏱ Время: 2 мс
2026-03-25T10:49:42.742+02:00  INFO 6370 --- [http-nio-8081-exec-6] c.e.project.log.DetailedLoggingAspect    : └──▶ ВЫХОД: AuthRestController.me
2026-03-25T10:53:13.634+02:00  INFO 6370 --- [http-nio-8081-exec-8] c.e.project.log.DetailedLoggingAspect    : ┌──▶ ВХОД: CustomUserDetailsService.loadUserByUsername
2026-03-25T10:53:13.634+02:00  INFO 6370 --- [http-nio-8081-exec-8] c.e.project.log.DetailedLoggingAspect    : │ Параметры:
2026-03-25T10:53:13.634+02:00  INFO 6370 --- [http-nio-8081-exec-8] c.e.project.log.DetailedLoggingAspect    : │   • identifier = andrey678a@gmail.com
2026-03-25T10:53:13.634+02:00 DEBUG 6370 --- [http-nio-8081-exec-8] c.e.p.s.custom.CustomUserDetailsService  : Попытка загрузить пользователя по identifier: andrey678a@gmail.com
2026-03-25T10:53:13.635+02:00 DEBUG 6370 --- [http-nio-8081-exec-8] org.hibernate.SQL                        : select u1_0.id,u1_0.is_active,u1_0.created_at,u1_0.email,u1_0.password,u1_0.reset_token,u1_0.reset_token_created_at,u1_0.role,u1_0.updated_at,u1_0.username from users u1_0 where upper(u1_0.email)=upper(?)
2026-03-25T10:53:13.640+02:00 DEBUG 6370 --- [http-nio-8081-exec-8] c.e.p.s.custom.CustomUserDetailsService  : Пользователь загружен успешно: andrey678a@gmail.com (email: db40fbe5-c5a4-4b6f-b04b-fc8b6df8706c, id: {})
2026-03-25T10:53:13.640+02:00  INFO 6370 --- [http-nio-8081-exec-8] c.e.project.log.DetailedLoggingAspect    : │ ✓ УСПЕШНО: CustomUserDetailsService.loadUserByUsername
2026-03-25T10:53:13.640+02:00  INFO 6370 --- [http-nio-8081-exec-8] c.e.project.log.DetailedLoggingAspect    : │ Результат: CustomUserDetails com.example.project.service.custom.CustomUserDetails@697f1721
2026-03-25T10:53:13.640+02:00  INFO 6370 --- [http-nio-8081-exec-8] c.e.project.log.DetailedLoggingAspect    : │ ⏱ Время: 6 мс
2026-03-25T10:53:13.640+02:00  INFO 6370 --- [http-nio-8081-exec-8] c.e.project.log.DetailedLoggingAspect    : └──▶ ВЫХОД: CustomUserDetailsService.loadUserByUsername
2026-03-25T10:53:13.641+02:00  INFO 6370 --- [http-nio-8081-exec-8] c.e.project.log.DetailedLoggingAspect    : ┌──▶ ВХОД: AuthRestController.me
2026-03-25T10:53:13.641+02:00  INFO 6370 --- [http-nio-8081-exec-8] c.e.project.log.DetailedLoggingAspect    : │ Параметры:
2026-03-25T10:53:13.641+02:00  INFO 6370 --- [http-nio-8081-exec-8] c.e.project.log.DetailedLoggingAspect    : │   • authentication = [PROTECTED]
2026-03-25T10:53:13.642+02:00 DEBUG 6370 --- [http-nio-8081-exec-8] org.hibernate.SQL                        : select u1_0.id,u1_0.is_active,u1_0.created_at,u1_0.email,u1_0.password,u1_0.reset_token,u1_0.reset_token_created_at,u1_0.role,u1_0.updated_at,u1_0.username from users u1_0 where u1_0.id=?
2026-03-25T10:53:13.643+02:00  INFO 6370 --- [http-nio-8081-exec-8] c.e.project.log.DetailedLoggingAspect    : │ ✓ УСПЕШНО: AuthRestController.me
2026-03-25T10:53:13.643+02:00  INFO 6370 --- [http-nio-8081-exec-8] c.e.project.log.DetailedLoggingAspect    : │ Результат: ResponseEntity [PROTECTED]
2026-03-25T10:53:13.643+02:00  INFO 6370 --- [http-nio-8081-exec-8] c.e.project.log.DetailedLoggingAspect    : │ ⏱ Время: 2 мс
2026-03-25T10:53:13.643+02:00  INFO 6370 --- [http-nio-8081-exec-8] c.e.project.log.DetailedLoggingAspect    : └──▶ ВЫХОД: AuthRestController.me
2026-03-25T10:58:08.630+02:00  INFO 6370 --- [http-nio-8081-exec-10] c.e.project.log.DetailedLoggingAspect    : ┌──▶ ВХОД: CustomUserDetailsService.loadUserByUsername
2026-03-25T10:58:08.630+02:00  INFO 6370 --- [http-nio-8081-exec-10] c.e.project.log.DetailedLoggingAspect    : │ Параметры:
2026-03-25T10:58:08.630+02:00  INFO 6370 --- [http-nio-8081-exec-10] c.e.project.log.DetailedLoggingAspect    : │   • identifier = andrey678a@gmail.com
2026-03-25T10:58:08.630+02:00 DEBUG 6370 --- [http-nio-8081-exec-10] c.e.p.s.custom.CustomUserDetailsService  : Попытка загрузить пользователя по identifier: andrey678a@gmail.com
2026-03-25T10:58:08.630+02:00 DEBUG 6370 --- [http-nio-8081-exec-10] org.hibernate.SQL                        : select u1_0.id,u1_0.is_active,u1_0.created_at,u1_0.email,u1_0.password,u1_0.reset_token,u1_0.reset_token_created_at,u1_0.role,u1_0.updated_at,u1_0.username from users u1_0 where upper(u1_0.email)=upper(?)
2026-03-25T10:58:08.637+02:00 DEBUG 6370 --- [http-nio-8081-exec-10] c.e.p.s.custom.CustomUserDetailsService  : Пользователь загружен успешно: andrey678a@gmail.com (email: db40fbe5-c5a4-4b6f-b04b-fc8b6df8706c, id: {})
2026-03-25T10:58:08.637+02:00  INFO 6370 --- [http-nio-8081-exec-10] c.e.project.log.DetailedLoggingAspect    : │ ✓ УСПЕШНО: CustomUserDetailsService.loadUserByUsername
2026-03-25T10:58:08.637+02:00  INFO 6370 --- [http-nio-8081-exec-10] c.e.project.log.DetailedLoggingAspect    : │ Результат: CustomUserDetails com.example.project.service.custom.CustomUserDetails@17c7b919
2026-03-25T10:58:08.637+02:00  INFO 6370 --- [http-nio-8081-exec-10] c.e.project.log.DetailedLoggingAspect    : │ ⏱ Время: 7 мс
2026-03-25T10:58:08.637+02:00  INFO 6370 --- [http-nio-8081-exec-10] c.e.project.log.DetailedLoggingAspect    : └──▶ ВЫХОД: CustomUserDetailsService.loadUserByUsername
2026-03-25T10:58:08.638+02:00  INFO 6370 --- [http-nio-8081-exec-10] c.e.project.log.DetailedLoggingAspect    : ┌──▶ ВХОД: AuthRestController.me
2026-03-25T10:58:08.638+02:00  INFO 6370 --- [http-nio-8081-exec-10] c.e.project.log.DetailedLoggingAspect    : │ Параметры:
2026-03-25T10:58:08.638+02:00  INFO 6370 --- [http-nio-8081-exec-10] c.e.project.log.DetailedLoggingAspect    : │   • authentication = [PROTECTED]
2026-03-25T10:58:08.638+02:00 DEBUG 6370 --- [http-nio-8081-exec-10] org.hibernate.SQL                        : select u1_0.id,u1_0.is_active,u1_0.created_at,u1_0.email,u1_0.password,u1_0.reset_token,u1_0.reset_token_created_at,u1_0.role,u1_0.updated_at,u1_0.username from users u1_0 where u1_0.id=?
2026-03-25T10:58:08.640+02:00  INFO 6370 --- [http-nio-8081-exec-10] c.e.project.log.DetailedLoggingAspect    : │ ✓ УСПЕШНО: AuthRestController.me
2026-03-25T10:58:08.640+02:00  INFO 6370 --- [http-nio-8081-exec-10] c.e.project.log.DetailedLoggingAspect    : │ Результат: ResponseEntity [PROTECTED]
2026-03-25T10:58:08.640+02:00  INFO 6370 --- [http-nio-8081-exec-10] c.e.project.log.DetailedLoggingAspect    : │ ⏱ Время: 2 мс
2026-03-25T10:58:08.640+02:00  INFO 6370 --- [http-nio-8081-exec-10] c.e.project.log.DetailedLoggingAspect    : └──▶ ВЫХОД: AuthRestController.me
2026-03-25T11:00:52.506+02:00 DEBUG 6370 --- [http-nio-8081-exec-1] o.s.s.w.a.AnonymousAuthenticationFilter  : Set SecurityContextHolder to anonymous SecurityContext
2026-03-25T11:00:52.638+02:00 DEBUG 6370 --- [http-nio-8081-exec-4] o.s.s.w.a.AnonymousAuthenticationFilter  : Set SecurityContextHolder to anonymous SecurityContext
2026-03-25T11:00:52.638+02:00 DEBUG 6370 --- [http-nio-8081-exec-3] o.s.s.w.a.AnonymousAuthenticationFilter  : Set SecurityContextHolder to anonymous SecurityContext
2026-03-25T11:00:52.641+02:00 DEBUG 6370 --- [http-nio-8081-exec-4] o.s.s.w.a.AnonymousAuthenticationFilter  : Set SecurityContextHolder to anonymous SecurityContext
2026-03-25T11:09:15.082+02:00  INFO 6370 --- [SpringApplicationShutdownHook] j.LocalContainerEntityManagerFactoryBean : Closing JPA EntityManagerFactory for persistence unit 'default'
2026-03-25T11:09:15.083+02:00  INFO 6370 --- [SpringApplicationShutdownHook] com.zaxxer.hikari.HikariDataSource       : HikariPool-1 - Shutdown initiated...
2026-03-25T11:09:15.084+02:00  INFO 6370 --- [SpringApplicationShutdownHook] com.zaxxer.hikari.HikariDataSource       : HikariPool-1 - Shutdown completed.
2026-03-25T11:16:23.321+02:00  INFO 8952 --- [restartedMain] com.example.project.AuthApplication      : Starting AuthApplication using Java 21.0.7 with PID 8952 (/Users/andrshv/IdeaProjects/SmartGram-Auth-Service/target/classes started by andrshv in /Users/andrshv/IdeaProjects/SmartGram-Auth-Service)
2026-03-25T11:16:23.321+02:00 DEBUG 8952 --- [restartedMain] com.example.project.AuthApplication      : Running with Spring Boot v3.2.1, Spring v6.1.2
2026-03-25T11:16:23.322+02:00  INFO 8952 --- [restartedMain] com.example.project.AuthApplication      : No active profile set, falling back to 1 default profile: "default"
2026-03-25T11:16:23.337+02:00  INFO 8952 --- [restartedMain] .e.DevToolsPropertyDefaultsPostProcessor : Devtools property defaults active! Set 'spring.devtools.add-properties' to 'false' to disable
2026-03-25T11:16:23.337+02:00  INFO 8952 --- [restartedMain] .e.DevToolsPropertyDefaultsPostProcessor : For additional web related logging consider setting the 'logging.level.web' property to 'DEBUG'
2026-03-25T11:16:23.782+02:00  INFO 8952 --- [restartedMain] .s.d.r.c.RepositoryConfigurationDelegate : Bootstrapping Spring Data JPA repositories in DEFAULT mode.
2026-03-25T11:16:23.803+02:00  INFO 8952 --- [restartedMain] .s.d.r.c.RepositoryConfigurationDelegate : Finished Spring Data repository scanning in 19 ms. Found 1 JPA repository interface.
2026-03-25T11:16:24.238+02:00  INFO 8952 --- [restartedMain] o.s.b.w.embedded.tomcat.TomcatWebServer  : Tomcat initialized with port 8081 (http)
2026-03-25T11:16:24.258+02:00  INFO 8952 --- [restartedMain] w.s.c.ServletWebServerApplicationContext : Root WebApplicationContext: initialization completed in 920 ms
2026-03-25T11:16:24.447+02:00  INFO 8952 --- [restartedMain] o.hibernate.jpa.internal.util.LogHelper  : HHH000204: Processing PersistenceUnitInfo [name: default]
2026-03-25T11:16:24.470+02:00  INFO 8952 --- [restartedMain] org.hibernate.Version                    : HHH000412: Hibernate ORM core version 6.4.1.Final
2026-03-25T11:16:24.481+02:00  INFO 8952 --- [restartedMain] o.h.c.internal.RegionFactoryInitiator    : HHH000026: Second-level cache disabled
2026-03-25T11:16:24.556+02:00  INFO 8952 --- [restartedMain] o.s.o.j.p.SpringPersistenceUnitInfo      : No LoadTimeWeaver setup: ignoring JPA class transformer
2026-03-25T11:16:24.565+02:00  INFO 8952 --- [restartedMain] com.zaxxer.hikari.HikariDataSource       : HikariPool-1 - Starting...
2026-03-25T11:16:24.629+02:00  INFO 8952 --- [restartedMain] com.zaxxer.hikari.pool.HikariPool        : HikariPool-1 - Added connection com.mysql.cj.jdbc.ConnectionImpl@17f9f265
2026-03-25T11:16:24.630+02:00  INFO 8952 --- [restartedMain] com.zaxxer.hikari.HikariDataSource       : HikariPool-1 - Start completed.
2026-03-25T11:16:24.950+02:00  INFO 8952 --- [restartedMain] o.h.e.t.j.p.i.JtaPlatformInitiator       : HHH000489: No JTA platform available (set 'hibernate.transaction.jta.platform' to enable JTA platform integration)
2026-03-25T11:16:24.968+02:00  INFO 8952 --- [restartedMain] j.LocalContainerEntityManagerFactoryBean : Initialized JPA EntityManagerFactory for persistence unit 'default'
2026-03-25T11:16:25.470+02:00  WARN 8952 --- [restartedMain] JpaBaseConfiguration$JpaWebConfiguration : spring.jpa.open-in-view is enabled by default. Therefore, database queries may be performed during view rendering. Explicitly configure spring.jpa.open-in-view to disable this warning
2026-03-25T11:16:25.796+02:00  INFO 8952 --- [restartedMain] o.s.b.a.e.web.EndpointLinksResolver      : Exposing 2 endpoint(s) beneath base path '/actuator'
2026-03-25T11:16:25.870+02:00  INFO 8952 --- [restartedMain] o.s.s.web.DefaultSecurityFilterChain     : Will secure any request with [org.springframework.security.web.session.DisableEncodeUrlFilter@2c3a58bc, org.springframework.security.web.context.request.async.WebAsyncManagerIntegrationFilter@f58b49f, org.springframework.security.web.context.SecurityContextHolderFilter@55327b58, org.springframework.security.web.header.HeaderWriterFilter@699c3f0b, org.springframework.web.filter.CorsFilter@18f1a2c7, org.springframework.security.web.authentication.logout.LogoutFilter@1f240bed, org.springframework.security.oauth2.client.web.OAuth2AuthorizationRequestRedirectFilter@11642e05, org.springframework.security.oauth2.client.web.OAuth2LoginAuthenticationFilter@2dce3b30, com.example.project.filters.JwtFilter@d3b991e, org.springframework.security.web.authentication.UsernamePasswordAuthenticationFilter@3a0873c6, org.springframework.security.web.savedrequest.RequestCacheAwareFilter@1a1902ef, org.springframework.security.web.servletapi.SecurityContextHolderAwareRequestFilter@4a2ec103, org.springframework.security.web.authentication.AnonymousAuthenticationFilter@db46411, org.springframework.security.web.session.SessionManagementFilter@100333f1, org.springframework.security.web.access.ExceptionTranslationFilter@1208e70a, org.springframework.security.web.access.intercept.AuthorizationFilter@7e3799ec]
2026-03-25T11:16:26.502+02:00  INFO 8962 --- [restartedMain] com.example.project.AuthApplication      : Starting AuthApplication using Java 21.0.7 with PID 8962 (/Users/andrshv/IdeaProjects/SmartGram-Auth-Service/target/classes started by andrshv in /Users/andrshv/IdeaProjects/SmartGram-Auth-Service)
2026-03-25T11:16:26.503+02:00 DEBUG 8962 --- [restartedMain] com.example.project.AuthApplication      : Running with Spring Boot v3.2.1, Spring v6.1.2
2026-03-25T11:16:26.503+02:00  INFO 8962 --- [restartedMain] com.example.project.AuthApplication      : No active profile set, falling back to 1 default profile: "default"
2026-03-25T11:16:26.517+02:00  INFO 8962 --- [restartedMain] .e.DevToolsPropertyDefaultsPostProcessor : Devtools property defaults active! Set 'spring.devtools.add-properties' to 'false' to disable
2026-03-25T11:16:26.517+02:00  INFO 8962 --- [restartedMain] .e.DevToolsPropertyDefaultsPostProcessor : For additional web related logging consider setting the 'logging.level.web' property to 'DEBUG'
2026-03-25T11:16:26.920+02:00  INFO 8962 --- [restartedMain] .s.d.r.c.RepositoryConfigurationDelegate : Bootstrapping Spring Data JPA repositories in DEFAULT mode.
2026-03-25T11:16:26.943+02:00  INFO 8962 --- [restartedMain] .s.d.r.c.RepositoryConfigurationDelegate : Finished Spring Data repository scanning in 21 ms. Found 1 JPA repository interface.
2026-03-25T11:16:27.368+02:00  INFO 8962 --- [restartedMain] o.s.b.w.embedded.tomcat.TomcatWebServer  : Tomcat initialized with port 8081 (http)
2026-03-25T11:16:27.384+02:00  INFO 8962 --- [restartedMain] w.s.c.ServletWebServerApplicationContext : Root WebApplicationContext: initialization completed in 866 ms
2026-03-25T11:16:27.560+02:00  INFO 8962 --- [restartedMain] o.hibernate.jpa.internal.util.LogHelper  : HHH000204: Processing PersistenceUnitInfo [name: default]
2026-03-25T11:16:27.573+02:00  INFO 8962 --- [restartedMain] org.hibernate.Version                    : HHH000412: Hibernate ORM core version 6.4.1.Final
2026-03-25T11:16:27.581+02:00  INFO 8962 --- [restartedMain] o.h.c.internal.RegionFactoryInitiator    : HHH000026: Second-level cache disabled
2026-03-25T11:16:27.632+02:00  INFO 8962 --- [restartedMain] o.s.o.j.p.SpringPersistenceUnitInfo      : No LoadTimeWeaver setup: ignoring JPA class transformer
2026-03-25T11:16:27.639+02:00  INFO 8962 --- [restartedMain] com.zaxxer.hikari.HikariDataSource       : HikariPool-1 - Starting...
2026-03-25T11:16:27.693+02:00  INFO 8962 --- [restartedMain] com.zaxxer.hikari.pool.HikariPool        : HikariPool-1 - Added connection com.mysql.cj.jdbc.ConnectionImpl@7ebba3c9
2026-03-25T11:16:27.694+02:00  INFO 8962 --- [restartedMain] com.zaxxer.hikari.HikariDataSource       : HikariPool-1 - Start completed.
2026-03-25T11:16:27.967+02:00  INFO 8962 --- [restartedMain] o.h.e.t.j.p.i.JtaPlatformInitiator       : HHH000489: No JTA platform available (set 'hibernate.transaction.jta.platform' to enable JTA platform integration)
2026-03-25T11:16:27.985+02:00  INFO 8962 --- [restartedMain] j.LocalContainerEntityManagerFactoryBean : Initialized JPA EntityManagerFactory for persistence unit 'default'
2026-03-25T11:16:33.133+02:00  INFO 8972 --- [restartedMain] com.example.project.AuthApplication      : Starting AuthApplication using Java 21.0.7 with PID 8972 (/Users/andrshv/IdeaProjects/SmartGram-Auth-Service/target/classes started by andrshv in /Users/andrshv/IdeaProjects/SmartGram-Auth-Service)
2026-03-25T11:16:33.133+02:00 DEBUG 8972 --- [restartedMain] com.example.project.AuthApplication      : Running with Spring Boot v3.2.1, Spring v6.1.2
2026-03-25T11:16:33.133+02:00  INFO 8972 --- [restartedMain] com.example.project.AuthApplication      : No active profile set, falling back to 1 default profile: "default"
2026-03-25T11:16:33.146+02:00  INFO 8972 --- [restartedMain] .e.DevToolsPropertyDefaultsPostProcessor : Devtools property defaults active! Set 'spring.devtools.add-properties' to 'false' to disable
2026-03-25T11:16:33.147+02:00  INFO 8972 --- [restartedMain] .e.DevToolsPropertyDefaultsPostProcessor : For additional web related logging consider setting the 'logging.level.web' property to 'DEBUG'
2026-03-25T11:16:33.480+02:00  INFO 8972 --- [restartedMain] .s.d.r.c.RepositoryConfigurationDelegate : Bootstrapping Spring Data JPA repositories in DEFAULT mode.
2026-03-25T11:16:33.496+02:00  INFO 8972 --- [restartedMain] .s.d.r.c.RepositoryConfigurationDelegate : Finished Spring Data repository scanning in 15 ms. Found 1 JPA repository interface.
2026-03-25T11:16:33.835+02:00  INFO 8972 --- [restartedMain] o.s.b.w.embedded.tomcat.TomcatWebServer  : Tomcat initialized with port 8081 (http)
2026-03-25T11:16:33.839+02:00  INFO 8972 --- [restartedMain] o.apache.catalina.core.StandardService   : Starting service [Tomcat]
2026-03-25T11:16:33.839+02:00  INFO 8972 --- [restartedMain] o.apache.catalina.core.StandardEngine    : Starting Servlet engine: [Apache Tomcat/10.1.17]
2026-03-25T11:16:33.851+02:00  INFO 8972 --- [restartedMain] o.a.c.c.C.[Tomcat].[localhost].[/]       : Initializing Spring embedded WebApplicationContext
2026-03-25T11:16:33.851+02:00  INFO 8972 --- [restartedMain] w.s.c.ServletWebServerApplicationContext : Root WebApplicationContext: initialization completed in 704 ms
2026-03-25T11:16:34.025+02:00  INFO 8972 --- [restartedMain] o.hibernate.jpa.internal.util.LogHelper  : HHH000204: Processing PersistenceUnitInfo [name: default]
2026-03-25T11:16:34.038+02:00  INFO 8972 --- [restartedMain] org.hibernate.Version                    : HHH000412: Hibernate ORM core version 6.4.1.Final
2026-03-25T11:16:34.049+02:00  INFO 8972 --- [restartedMain] o.h.c.internal.RegionFactoryInitiator    : HHH000026: Second-level cache disabled
2026-03-25T11:16:34.100+02:00  INFO 8972 --- [restartedMain] o.s.o.j.p.SpringPersistenceUnitInfo      : No LoadTimeWeaver setup: ignoring JPA class transformer
2026-03-25T11:16:34.107+02:00  INFO 8972 --- [restartedMain] com.zaxxer.hikari.HikariDataSource       : HikariPool-1 - Starting...
2026-03-25T11:16:34.156+02:00  INFO 8972 --- [restartedMain] com.zaxxer.hikari.pool.HikariPool        : HikariPool-1 - Added connection com.mysql.cj.jdbc.ConnectionImpl@5b05d223
2026-03-25T11:16:34.157+02:00  INFO 8972 --- [restartedMain] com.zaxxer.hikari.HikariDataSource       : HikariPool-1 - Start completed.
2026-03-25T11:16:34.389+02:00  INFO 8972 --- [restartedMain] o.h.e.t.j.p.i.JtaPlatformInitiator       : HHH000489: No JTA platform available (set 'hibernate.transaction.jta.platform' to enable JTA platform integration)
2026-03-25T11:16:34.407+02:00  INFO 8972 --- [restartedMain] j.LocalContainerEntityManagerFactoryBean : Initialized JPA EntityManagerFactory for persistence unit 'default'
2026-03-25T11:16:34.833+02:00  WARN 8972 --- [restartedMain] JpaBaseConfiguration$JpaWebConfiguration : spring.jpa.open-in-view is enabled by default. Therefore, database queries may be performed during view rendering. Explicitly configure spring.jpa.open-in-view to disable this warning
2026-03-25T11:16:35.147+02:00  INFO 8972 --- [restartedMain] o.s.b.a.e.web.EndpointLinksResolver      : Exposing 2 endpoint(s) beneath base path '/actuator'
2026-03-25T11:16:35.205+02:00  INFO 8972 --- [restartedMain] o.s.s.web.DefaultSecurityFilterChain     : Will secure any request with [org.springframework.security.web.session.DisableEncodeUrlFilter@3b7bc944, org.springframework.security.web.context.request.async.WebAsyncManagerIntegrationFilter@20c8433f, org.springframework.security.web.context.SecurityContextHolderFilter@715a8ec, org.springframework.security.web.header.HeaderWriterFilter@415db475, org.springframework.web.filter.CorsFilter@4184fe7b, org.springframework.security.web.authentication.logout.LogoutFilter@5b6f6940, org.springframework.security.oauth2.client.web.OAuth2AuthorizationRequestRedirectFilter@13081719, org.springframework.security.oauth2.client.web.OAuth2LoginAuthenticationFilter@3338b731, com.example.project.filters.JwtFilter@7100ea36, org.springframework.security.web.authentication.UsernamePasswordAuthenticationFilter@4a733445, org.springframework.security.web.savedrequest.RequestCacheAwareFilter@1379fe39, org.springframework.security.web.servletapi.SecurityContextHolderAwareRequestFilter@23057b94, org.springframework.security.web.authentication.AnonymousAuthenticationFilter@25ed46f7, org.springframework.security.web.session.SessionManagementFilter@6a13bc2f, org.springframework.security.web.access.ExceptionTranslationFilter@51a08c79, org.springframework.security.web.access.intercept.AuthorizationFilter@1b250efe]
2026-03-25T11:16:35.631+02:00  INFO 8972 --- [restartedMain] o.s.b.d.a.OptionalLiveReloadServer       : LiveReload server is running on port 35729
2026-03-25T11:16:35.658+02:00  INFO 8972 --- [restartedMain] o.s.b.w.embedded.tomcat.TomcatWebServer  : Tomcat started on port 8081 (http) with context path ''
2026-03-25T11:16:35.665+02:00  INFO 8972 --- [restartedMain] com.example.project.AuthApplication      : Started AuthApplication in 2.655 seconds (process running for 2.792)
2026-03-25T11:16:45.229+02:00  INFO 8972 --- [SpringApplicationShutdownHook] j.LocalContainerEntityManagerFactoryBean : Closing JPA EntityManagerFactory for persistence unit 'default'
2026-03-25T11:16:45.231+02:00  INFO 8972 --- [SpringApplicationShutdownHook] com.zaxxer.hikari.HikariDataSource       : HikariPool-1 - Shutdown initiated...
2026-03-25T11:16:45.234+02:00  INFO 8972 --- [SpringApplicationShutdownHook] com.zaxxer.hikari.HikariDataSource       : HikariPool-1 - Shutdown completed.
2026-03-25T11:16:46.025+02:00  INFO 8981 --- [restartedMain] com.example.project.AuthApplication      : Starting AuthApplication using Java 21.0.7 with PID 8981 (/Users/andrshv/IdeaProjects/SmartGram-Auth-Service/target/classes started by andrshv in /Users/andrshv/IdeaProjects/SmartGram-Auth-Service)
2026-03-25T11:16:46.026+02:00 DEBUG 8981 --- [restartedMain] com.example.project.AuthApplication      : Running with Spring Boot v3.2.1, Spring v6.1.2
2026-03-25T11:16:46.026+02:00  INFO 8981 --- [restartedMain] com.example.project.AuthApplication      : No active profile set, falling back to 1 default profile: "default"
2026-03-25T11:16:46.041+02:00  INFO 8981 --- [restartedMain] .e.DevToolsPropertyDefaultsPostProcessor : Devtools property defaults active! Set 'spring.devtools.add-properties' to 'false' to disable
2026-03-25T11:16:46.041+02:00  INFO 8981 --- [restartedMain] .e.DevToolsPropertyDefaultsPostProcessor : For additional web related logging consider setting the 'logging.level.web' property to 'DEBUG'
2026-03-25T11:16:46.429+02:00  INFO 8981 --- [restartedMain] .s.d.r.c.RepositoryConfigurationDelegate : Bootstrapping Spring Data JPA repositories in DEFAULT mode.
2026-03-25T11:16:46.447+02:00  INFO 8981 --- [restartedMain] .s.d.r.c.RepositoryConfigurationDelegate : Finished Spring Data repository scanning in 15 ms. Found 1 JPA repository interface.
2026-03-25T11:16:46.808+02:00  INFO 8981 --- [restartedMain] o.s.b.w.embedded.tomcat.TomcatWebServer  : Tomcat initialized with port 8081 (http)
2026-03-25T11:16:46.813+02:00  INFO 8981 --- [restartedMain] o.apache.catalina.core.StandardService   : Starting service [Tomcat]
2026-03-25T11:16:46.813+02:00  INFO 8981 --- [restartedMain] o.apache.catalina.core.StandardEngine    : Starting Servlet engine: [Apache Tomcat/10.1.17]
2026-03-25T11:16:46.825+02:00  INFO 8981 --- [restartedMain] o.a.c.c.C.[Tomcat].[localhost].[/]       : Initializing Spring embedded WebApplicationContext
2026-03-25T11:16:46.825+02:00  INFO 8981 --- [restartedMain] w.s.c.ServletWebServerApplicationContext : Root WebApplicationContext: initialization completed in 784 ms
2026-03-25T11:16:46.999+02:00  INFO 8981 --- [restartedMain] o.hibernate.jpa.internal.util.LogHelper  : HHH000204: Processing PersistenceUnitInfo [name: default]
2026-03-25T11:16:47.018+02:00  INFO 8981 --- [restartedMain] org.hibernate.Version                    : HHH000412: Hibernate ORM core version 6.4.1.Final
2026-03-25T11:16:47.026+02:00  INFO 8981 --- [restartedMain] o.h.c.internal.RegionFactoryInitiator    : HHH000026: Second-level cache disabled
2026-03-25T11:16:47.081+02:00  INFO 8981 --- [restartedMain] o.s.o.j.p.SpringPersistenceUnitInfo      : No LoadTimeWeaver setup: ignoring JPA class transformer
2026-03-25T11:16:47.088+02:00  INFO 8981 --- [restartedMain] com.zaxxer.hikari.HikariDataSource       : HikariPool-1 - Starting...
2026-03-25T11:16:47.139+02:00  INFO 8981 --- [restartedMain] com.zaxxer.hikari.pool.HikariPool        : HikariPool-1 - Added connection com.mysql.cj.jdbc.ConnectionImpl@40936b32
2026-03-25T11:16:47.139+02:00  INFO 8981 --- [restartedMain] com.zaxxer.hikari.HikariDataSource       : HikariPool-1 - Start completed.
2026-03-25T11:16:47.401+02:00  INFO 8981 --- [restartedMain] o.h.e.t.j.p.i.JtaPlatformInitiator       : HHH000489: No JTA platform available (set 'hibernate.transaction.jta.platform' to enable JTA platform integration)
2026-03-25T11:16:47.420+02:00  INFO 8981 --- [restartedMain] j.LocalContainerEntityManagerFactoryBean : Initialized JPA EntityManagerFactory for persistence unit 'default'
2026-03-25T11:16:47.882+02:00  WARN 8981 --- [restartedMain] JpaBaseConfiguration$JpaWebConfiguration : spring.jpa.open-in-view is enabled by default. Therefore, database queries may be performed during view rendering. Explicitly configure spring.jpa.open-in-view to disable this warning
2026-03-25T11:16:48.211+02:00  INFO 8981 --- [restartedMain] o.s.b.a.e.web.EndpointLinksResolver      : Exposing 2 endpoint(s) beneath base path '/actuator'
2026-03-25T11:16:48.280+02:00  INFO 8981 --- [restartedMain] o.s.s.web.DefaultSecurityFilterChain     : Will secure any request with [org.springframework.security.web.session.DisableEncodeUrlFilter@288f5f16, org.springframework.security.web.context.request.async.WebAsyncManagerIntegrationFilter@78839099, org.springframework.security.web.context.SecurityContextHolderFilter@1d3aa578, org.springframework.security.web.header.HeaderWriterFilter@7d9c6287, org.springframework.web.filter.CorsFilter@13581c6, org.springframework.security.web.authentication.logout.LogoutFilter@673ed7d3, org.springframework.security.oauth2.client.web.OAuth2AuthorizationRequestRedirectFilter@789e88c5, org.springframework.security.oauth2.client.web.OAuth2LoginAuthenticationFilter@7aeeaa38, com.example.project.filters.JwtFilter@60c6ecb8, org.springframework.security.web.authentication.UsernamePasswordAuthenticationFilter@4fd2c7a, org.springframework.security.web.savedrequest.RequestCacheAwareFilter@11026927, org.springframework.security.web.servletapi.SecurityContextHolderAwareRequestFilter@12d6b74b, org.springframework.security.web.authentication.AnonymousAuthenticationFilter@6edf04b5, org.springframework.security.web.session.SessionManagementFilter@7546da35, org.springframework.security.web.access.ExceptionTranslationFilter@847f956, org.springframework.security.web.access.intercept.AuthorizationFilter@7c2483df]
2026-03-25T11:16:48.719+02:00  INFO 8981 --- [restartedMain] o.s.b.d.a.OptionalLiveReloadServer       : LiveReload server is running on port 35729
2026-03-25T11:16:48.749+02:00  INFO 8981 --- [restartedMain] o.s.b.w.embedded.tomcat.TomcatWebServer  : Tomcat started on port 8081 (http) with context path ''
2026-03-25T11:16:48.756+02:00  INFO 8981 --- [restartedMain] com.example.project.AuthApplication      : Started AuthApplication in 2.868 seconds (process running for 3.028)
2026-03-25T11:16:54.579+02:00  INFO 8981 --- [SpringApplicationShutdownHook] j.LocalContainerEntityManagerFactoryBean : Closing JPA EntityManagerFactory for persistence unit 'default'
2026-03-25T11:16:54.581+02:00  INFO 8981 --- [SpringApplicationShutdownHook] com.zaxxer.hikari.HikariDataSource       : HikariPool-1 - Shutdown initiated...
2026-03-25T11:16:54.583+02:00  INFO 8981 --- [SpringApplicationShutdownHook] com.zaxxer.hikari.HikariDataSource       : HikariPool-1 - Shutdown completed.
2026-03-25T11:16:55.414+02:00  INFO 8990 --- [restartedMain] com.example.project.AuthApplication      : Starting AuthApplication using Java 21.0.7 with PID 8990 (/Users/andrshv/IdeaProjects/SmartGram-Auth-Service/target/classes started by andrshv in /Users/andrshv/IdeaProjects/SmartGram-Auth-Service)
2026-03-25T11:16:55.415+02:00 DEBUG 8990 --- [restartedMain] com.example.project.AuthApplication      : Running with Spring Boot v3.2.1, Spring v6.1.2
2026-03-25T11:16:55.415+02:00  INFO 8990 --- [restartedMain] com.example.project.AuthApplication      : No active profile set, falling back to 1 default profile: "default"
2026-03-25T11:16:55.429+02:00  INFO 8990 --- [restartedMain] .e.DevToolsPropertyDefaultsPostProcessor : Devtools property defaults active! Set 'spring.devtools.add-properties' to 'false' to disable
2026-03-25T11:16:55.429+02:00  INFO 8990 --- [restartedMain] .e.DevToolsPropertyDefaultsPostProcessor : For additional web related logging consider setting the 'logging.level.web' property to 'DEBUG'
2026-03-25T11:16:55.786+02:00  INFO 8990 --- [restartedMain] .s.d.r.c.RepositoryConfigurationDelegate : Bootstrapping Spring Data JPA repositories in DEFAULT mode.
2026-03-25T11:16:55.803+02:00  INFO 8990 --- [restartedMain] .s.d.r.c.RepositoryConfigurationDelegate : Finished Spring Data repository scanning in 15 ms. Found 1 JPA repository interface.
2026-03-25T11:16:56.181+02:00  INFO 8990 --- [restartedMain] o.s.b.w.embedded.tomcat.TomcatWebServer  : Tomcat initialized with port 8081 (http)
2026-03-25T11:16:56.189+02:00  INFO 8990 --- [restartedMain] o.apache.catalina.core.StandardService   : Starting service [Tomcat]
2026-03-25T11:16:56.190+02:00  INFO 8990 --- [restartedMain] o.apache.catalina.core.StandardEngine    : Starting Servlet engine: [Apache Tomcat/10.1.17]
2026-03-25T11:16:56.204+02:00  INFO 8990 --- [restartedMain] o.a.c.c.C.[Tomcat].[localhost].[/]       : Initializing Spring embedded WebApplicationContext
2026-03-25T11:16:56.204+02:00  INFO 8990 --- [restartedMain] w.s.c.ServletWebServerApplicationContext : Root WebApplicationContext: initialization completed in 775 ms
2026-03-25T11:16:56.372+02:00  INFO 8990 --- [restartedMain] o.hibernate.jpa.internal.util.LogHelper  : HHH000204: Processing PersistenceUnitInfo [name: default]
2026-03-25T11:16:56.385+02:00  INFO 8990 --- [restartedMain] org.hibernate.Version                    : HHH000412: Hibernate ORM core version 6.4.1.Final
2026-03-25T11:16:56.393+02:00  INFO 8990 --- [restartedMain] o.h.c.internal.RegionFactoryInitiator    : HHH000026: Second-level cache disabled
2026-03-25T11:16:56.443+02:00  INFO 8990 --- [restartedMain] o.s.o.j.p.SpringPersistenceUnitInfo      : No LoadTimeWeaver setup: ignoring JPA class transformer
2026-03-25T11:16:56.450+02:00  INFO 8990 --- [restartedMain] com.zaxxer.hikari.HikariDataSource       : HikariPool-1 - Starting...
2026-03-25T11:16:56.499+02:00  INFO 8990 --- [restartedMain] com.zaxxer.hikari.pool.HikariPool        : HikariPool-1 - Added connection com.mysql.cj.jdbc.ConnectionImpl@168fd12d
2026-03-25T11:16:56.499+02:00  INFO 8990 --- [restartedMain] com.zaxxer.hikari.HikariDataSource       : HikariPool-1 - Start completed.
2026-03-25T11:16:56.749+02:00  INFO 8990 --- [restartedMain] o.h.e.t.j.p.i.JtaPlatformInitiator       : HHH000489: No JTA platform available (set 'hibernate.transaction.jta.platform' to enable JTA platform integration)
2026-03-25T11:16:56.767+02:00  INFO 8990 --- [restartedMain] j.LocalContainerEntityManagerFactoryBean : Initialized JPA EntityManagerFactory for persistence unit 'default'
2026-03-25T11:16:57.230+02:00  WARN 8990 --- [restartedMain] JpaBaseConfiguration$JpaWebConfiguration : spring.jpa.open-in-view is enabled by default. Therefore, database queries may be performed during view rendering. Explicitly configure spring.jpa.open-in-view to disable this warning
2026-03-25T11:16:57.575+02:00  INFO 8990 --- [restartedMain] o.s.b.a.e.web.EndpointLinksResolver      : Exposing 2 endpoint(s) beneath base path '/actuator'
2026-03-25T11:16:57.638+02:00  INFO 8990 --- [restartedMain] o.s.s.web.DefaultSecurityFilterChain     : Will secure any request with [org.springframework.security.web.session.DisableEncodeUrlFilter@5846615b, org.springframework.security.web.context.request.async.WebAsyncManagerIntegrationFilter@63501fe7, org.springframework.security.web.context.SecurityContextHolderFilter@6376e605, org.springframework.security.web.header.HeaderWriterFilter@2b9114c6, org.springframework.web.filter.CorsFilter@61444617, org.springframework.security.web.authentication.logout.LogoutFilter@28c58f35, org.springframework.security.oauth2.client.web.OAuth2AuthorizationRequestRedirectFilter@3041d746, org.springframework.security.oauth2.client.web.OAuth2LoginAuthenticationFilter@3f51af31, com.example.project.filters.JwtFilter@5b4390f9, org.springframework.security.web.authentication.UsernamePasswordAuthenticationFilter@4143cc9d, org.springframework.security.web.savedrequest.RequestCacheAwareFilter@e70d358, org.springframework.security.web.servletapi.SecurityContextHolderAwareRequestFilter@bc09a86, org.springframework.security.web.authentication.AnonymousAuthenticationFilter@3a936e4, org.springframework.security.web.session.SessionManagementFilter@d291763, org.springframework.security.web.access.ExceptionTranslationFilter@191475ec, org.springframework.security.web.access.intercept.AuthorizationFilter@2006830]
2026-03-25T11:16:58.114+02:00  INFO 8990 --- [restartedMain] o.s.b.d.a.OptionalLiveReloadServer       : LiveReload server is running on port 35729
2026-03-25T11:16:58.153+02:00  INFO 8990 --- [restartedMain] o.s.b.w.embedded.tomcat.TomcatWebServer  : Tomcat started on port 8081 (http) with context path ''
2026-03-25T11:16:58.161+02:00  INFO 8990 --- [restartedMain] com.example.project.AuthApplication      : Started AuthApplication in 2.882 seconds (process running for 3.017)
2026-03-25T11:18:18.314+02:00  INFO 9114 --- [restartedMain] com.example.project.AuthApplication      : Starting AuthApplication using Java 21.0.7 with PID 9114 (/Users/andrshv/IdeaProjects/SmartGram-Auth-Service/target/classes started by andrshv in /Users/andrshv/IdeaProjects/SmartGram-Auth-Service)
2026-03-25T11:18:18.315+02:00 DEBUG 9114 --- [restartedMain] com.example.project.AuthApplication      : Running with Spring Boot v3.2.1, Spring v6.1.2
2026-03-25T11:18:18.315+02:00  INFO 9114 --- [restartedMain] com.example.project.AuthApplication      : No active profile set, falling back to 1 default profile: "default"
2026-03-25T11:18:18.329+02:00  INFO 9114 --- [restartedMain] .e.DevToolsPropertyDefaultsPostProcessor : Devtools property defaults active! Set 'spring.devtools.add-properties' to 'false' to disable
2026-03-25T11:18:18.329+02:00  INFO 9114 --- [restartedMain] .e.DevToolsPropertyDefaultsPostProcessor : For additional web related logging consider setting the 'logging.level.web' property to 'DEBUG'
2026-03-25T11:18:18.697+02:00  INFO 9114 --- [restartedMain] .s.d.r.c.RepositoryConfigurationDelegate : Bootstrapping Spring Data JPA repositories in DEFAULT mode.
2026-03-25T11:18:18.715+02:00  INFO 9114 --- [restartedMain] .s.d.r.c.RepositoryConfigurationDelegate : Finished Spring Data repository scanning in 15 ms. Found 1 JPA repository interface.
2026-03-25T11:18:19.076+02:00  INFO 9114 --- [restartedMain] o.s.b.w.embedded.tomcat.TomcatWebServer  : Tomcat initialized with port 8081 (http)
2026-03-25T11:18:19.080+02:00  INFO 9114 --- [restartedMain] o.apache.catalina.core.StandardService   : Starting service [Tomcat]
2026-03-25T11:18:19.080+02:00  INFO 9114 --- [restartedMain] o.apache.catalina.core.StandardEngine    : Starting Servlet engine: [Apache Tomcat/10.1.17]
2026-03-25T11:18:19.093+02:00  INFO 9114 --- [restartedMain] o.a.c.c.C.[Tomcat].[localhost].[/]       : Initializing Spring embedded WebApplicationContext
2026-03-25T11:18:19.093+02:00  INFO 9114 --- [restartedMain] w.s.c.ServletWebServerApplicationContext : Root WebApplicationContext: initialization completed in 764 ms
2026-03-25T11:18:19.276+02:00  INFO 9114 --- [restartedMain] o.hibernate.jpa.internal.util.LogHelper  : HHH000204: Processing PersistenceUnitInfo [name: default]
2026-03-25T11:18:19.292+02:00  INFO 9114 --- [restartedMain] org.hibernate.Version                    : HHH000412: Hibernate ORM core version 6.4.1.Final
2026-03-25T11:18:19.300+02:00  INFO 9114 --- [restartedMain] o.h.c.internal.RegionFactoryInitiator    : HHH000026: Second-level cache disabled
2026-03-25T11:18:19.355+02:00  INFO 9114 --- [restartedMain] o.s.o.j.p.SpringPersistenceUnitInfo      : No LoadTimeWeaver setup: ignoring JPA class transformer
2026-03-25T11:18:19.362+02:00  INFO 9114 --- [restartedMain] com.zaxxer.hikari.HikariDataSource       : HikariPool-1 - Starting...
2026-03-25T11:18:19.416+02:00  INFO 9114 --- [restartedMain] com.zaxxer.hikari.pool.HikariPool        : HikariPool-1 - Added connection com.mysql.cj.jdbc.ConnectionImpl@2594973a
2026-03-25T11:18:19.417+02:00  INFO 9114 --- [restartedMain] com.zaxxer.hikari.HikariDataSource       : HikariPool-1 - Start completed.
2026-03-25T11:18:19.667+02:00  INFO 9114 --- [restartedMain] o.h.e.t.j.p.i.JtaPlatformInitiator       : HHH000489: No JTA platform available (set 'hibernate.transaction.jta.platform' to enable JTA platform integration)
2026-03-25T11:18:19.688+02:00  INFO 9114 --- [restartedMain] j.LocalContainerEntityManagerFactoryBean : Initialized JPA EntityManagerFactory for persistence unit 'default'
2026-03-25T11:18:20.144+02:00  WARN 9114 --- [restartedMain] JpaBaseConfiguration$JpaWebConfiguration : spring.jpa.open-in-view is enabled by default. Therefore, database queries may be performed during view rendering. Explicitly configure spring.jpa.open-in-view to disable this warning
2026-03-25T11:18:20.465+02:00  INFO 9114 --- [restartedMain] o.s.b.a.e.web.EndpointLinksResolver      : Exposing 2 endpoint(s) beneath base path '/actuator'
2026-03-25T11:18:20.525+02:00  INFO 9114 --- [restartedMain] o.s.s.web.DefaultSecurityFilterChain     : Will secure any request with [org.springframework.security.web.session.DisableEncodeUrlFilter@644f29d8, org.springframework.security.web.context.request.async.WebAsyncManagerIntegrationFilter@6c014fd9, org.springframework.security.web.context.SecurityContextHolderFilter@4fb6d88f, org.springframework.security.web.header.HeaderWriterFilter@1974c354, org.springframework.web.filter.CorsFilter@3262ee25, org.springframework.security.web.authentication.logout.LogoutFilter@1d5c0e8a, org.springframework.security.oauth2.client.web.OAuth2AuthorizationRequestRedirectFilter@4f38abd5, org.springframework.security.oauth2.client.web.OAuth2LoginAuthenticationFilter@411b8013, com.example.project.filters.JwtFilter@615a3a68, org.springframework.security.web.authentication.UsernamePasswordAuthenticationFilter@e2c121b, org.springframework.security.web.savedrequest.RequestCacheAwareFilter@5cf4e89d, org.springframework.security.web.servletapi.SecurityContextHolderAwareRequestFilter@24f03ff1, org.springframework.security.web.authentication.AnonymousAuthenticationFilter@69e9a2d1, org.springframework.security.web.session.SessionManagementFilter@1fdc45e6, org.springframework.security.web.access.ExceptionTranslationFilter@506a75f6, org.springframework.security.web.access.intercept.AuthorizationFilter@64da1d2b]
2026-03-25T11:18:20.978+02:00  WARN 9114 --- [restartedMain] o.s.b.d.a.OptionalLiveReloadServer       : Unable to start LiveReload server
2026-03-25T11:18:21.005+02:00  WARN 9114 --- [restartedMain] ConfigServletWebServerApplicationContext : Exception encountered during context initialization - cancelling refresh attempt: org.springframework.context.ApplicationContextException: Failed to start bean 'webServerStartStop'
2026-03-25T11:18:21.007+02:00  INFO 9114 --- [restartedMain] j.LocalContainerEntityManagerFactoryBean : Closing JPA EntityManagerFactory for persistence unit 'default'
2026-03-25T11:18:21.008+02:00  INFO 9114 --- [restartedMain] com.zaxxer.hikari.HikariDataSource       : HikariPool-1 - Shutdown initiated...
2026-03-25T11:18:21.011+02:00  INFO 9114 --- [restartedMain] com.zaxxer.hikari.HikariDataSource       : HikariPool-1 - Shutdown completed.
2026-03-25T11:18:21.019+02:00  INFO 9114 --- [restartedMain] .s.b.a.l.ConditionEvaluationReportLogger : 

Error starting ApplicationContext. To display the condition evaluation report re-run your application with 'debug' enabled.
2026-03-25T11:18:21.029+02:00 ERROR 9114 --- [restartedMain] o.s.b.d.LoggingFailureAnalysisReporter   : 

***************************
APPLICATION FAILED TO START
***************************

Description:

Web server failed to start. Port 8081 was already in use.

Action:

Identify and stop the process that's listening on port 8081 or configure this application to listen on another port.

2026-03-25T11:18:21.477+02:00  INFO 9116 --- [restartedMain] com.example.project.AuthApplication      : Starting AuthApplication using Java 21.0.7 with PID 9116 (/Users/andrshv/IdeaProjects/SmartGram-Auth-Service/target/classes started by andrshv in /Users/andrshv/IdeaProjects/SmartGram-Auth-Service)
2026-03-25T11:18:21.477+02:00 DEBUG 9116 --- [restartedMain] com.example.project.AuthApplication      : Running with Spring Boot v3.2.1, Spring v6.1.2
2026-03-25T11:18:21.477+02:00  INFO 9116 --- [restartedMain] com.example.project.AuthApplication      : No active profile set, falling back to 1 default profile: "default"
2026-03-25T11:18:21.491+02:00  INFO 9116 --- [restartedMain] .e.DevToolsPropertyDefaultsPostProcessor : Devtools property defaults active! Set 'spring.devtools.add-properties' to 'false' to disable
2026-03-25T11:18:21.491+02:00  INFO 9116 --- [restartedMain] .e.DevToolsPropertyDefaultsPostProcessor : For additional web related logging consider setting the 'logging.level.web' property to 'DEBUG'
2026-03-25T11:18:21.855+02:00  INFO 9116 --- [restartedMain] .s.d.r.c.RepositoryConfigurationDelegate : Bootstrapping Spring Data JPA repositories in DEFAULT mode.
2026-03-25T11:18:21.875+02:00  INFO 9116 --- [restartedMain] .s.d.r.c.RepositoryConfigurationDelegate : Finished Spring Data repository scanning in 18 ms. Found 1 JPA repository interface.
2026-03-25T11:18:22.254+02:00  INFO 9116 --- [restartedMain] o.s.b.w.embedded.tomcat.TomcatWebServer  : Tomcat initialized with port 8081 (http)
2026-03-25T11:18:22.262+02:00  INFO 9116 --- [restartedMain] o.apache.catalina.core.StandardService   : Starting service [Tomcat]
2026-03-25T11:18:22.262+02:00  INFO 9116 --- [restartedMain] o.apache.catalina.core.StandardEngine    : Starting Servlet engine: [Apache Tomcat/10.1.17]
2026-03-25T11:18:22.276+02:00  INFO 9116 --- [restartedMain] o.a.c.c.C.[Tomcat].[localhost].[/]       : Initializing Spring embedded WebApplicationContext
2026-03-25T11:18:22.276+02:00  INFO 9116 --- [restartedMain] w.s.c.ServletWebServerApplicationContext : Root WebApplicationContext: initialization completed in 785 ms
2026-03-25T11:18:22.443+02:00  INFO 9116 --- [restartedMain] o.hibernate.jpa.internal.util.LogHelper  : HHH000204: Processing PersistenceUnitInfo [name: default]
2026-03-25T11:18:22.456+02:00  INFO 9116 --- [restartedMain] org.hibernate.Version                    : HHH000412: Hibernate ORM core version 6.4.1.Final
2026-03-25T11:18:22.464+02:00  INFO 9116 --- [restartedMain] o.h.c.internal.RegionFactoryInitiator    : HHH000026: Second-level cache disabled
2026-03-25T11:18:22.512+02:00  INFO 9116 --- [restartedMain] o.s.o.j.p.SpringPersistenceUnitInfo      : No LoadTimeWeaver setup: ignoring JPA class transformer
2026-03-25T11:18:22.518+02:00  INFO 9116 --- [restartedMain] com.zaxxer.hikari.HikariDataSource       : HikariPool-1 - Starting...
2026-03-25T11:18:22.571+02:00  INFO 9116 --- [restartedMain] com.zaxxer.hikari.pool.HikariPool        : HikariPool-1 - Added connection com.mysql.cj.jdbc.ConnectionImpl@1bbea3ae
2026-03-25T11:18:22.571+02:00  INFO 9116 --- [restartedMain] com.zaxxer.hikari.HikariDataSource       : HikariPool-1 - Start completed.
2026-03-25T11:18:22.815+02:00  INFO 9116 --- [restartedMain] o.h.e.t.j.p.i.JtaPlatformInitiator       : HHH000489: No JTA platform available (set 'hibernate.transaction.jta.platform' to enable JTA platform integration)
2026-03-25T11:18:22.839+02:00  INFO 9116 --- [restartedMain] j.LocalContainerEntityManagerFactoryBean : Initialized JPA EntityManagerFactory for persistence unit 'default'
2026-03-25T11:18:23.299+02:00  WARN 9116 --- [restartedMain] JpaBaseConfiguration$JpaWebConfiguration : spring.jpa.open-in-view is enabled by default. Therefore, database queries may be performed during view rendering. Explicitly configure spring.jpa.open-in-view to disable this warning
2026-03-25T11:18:23.623+02:00  INFO 9116 --- [restartedMain] o.s.b.a.e.web.EndpointLinksResolver      : Exposing 2 endpoint(s) beneath base path '/actuator'
2026-03-25T11:18:23.685+02:00  INFO 9116 --- [restartedMain] o.s.s.web.DefaultSecurityFilterChain     : Will secure any request with [org.springframework.security.web.session.DisableEncodeUrlFilter@61daee77, org.springframework.security.web.context.request.async.WebAsyncManagerIntegrationFilter@108321a6, org.springframework.security.web.context.SecurityContextHolderFilter@131e522d, org.springframework.security.web.header.HeaderWriterFilter@30916890, org.springframework.web.filter.CorsFilter@10510ad, org.springframework.security.web.authentication.logout.LogoutFilter@601ae80d, org.springframework.security.oauth2.client.web.OAuth2AuthorizationRequestRedirectFilter@24b180f6, org.springframework.security.oauth2.client.web.OAuth2LoginAuthenticationFilter@34aa6b5a, com.example.project.filters.JwtFilter@3988f5a0, org.springframework.security.web.authentication.UsernamePasswordAuthenticationFilter@1553f363, org.springframework.security.web.savedrequest.RequestCacheAwareFilter@2d03cf45, org.springframework.security.web.servletapi.SecurityContextHolderAwareRequestFilter@7bcb5151, org.springframework.security.web.authentication.AnonymousAuthenticationFilter@ec25534, org.springframework.security.web.session.SessionManagementFilter@592b0828, org.springframework.security.web.access.ExceptionTranslationFilter@4c8559af, org.springframework.security.web.access.intercept.AuthorizationFilter@22fc0b59]
2026-03-25T11:18:24.150+02:00  WARN 9116 --- [restartedMain] o.s.b.d.a.OptionalLiveReloadServer       : Unable to start LiveReload server
2026-03-25T11:18:24.178+02:00  WARN 9116 --- [restartedMain] ConfigServletWebServerApplicationContext : Exception encountered during context initialization - cancelling refresh attempt: org.springframework.context.ApplicationContextException: Failed to start bean 'webServerStartStop'
2026-03-25T11:18:24.180+02:00  INFO 9116 --- [restartedMain] j.LocalContainerEntityManagerFactoryBean : Closing JPA EntityManagerFactory for persistence unit 'default'
2026-03-25T11:18:24.181+02:00  INFO 9116 --- [restartedMain] com.zaxxer.hikari.HikariDataSource       : HikariPool-1 - Shutdown initiated...
2026-03-25T11:18:24.183+02:00  INFO 9116 --- [restartedMain] com.zaxxer.hikari.HikariDataSource       : HikariPool-1 - Shutdown completed.
2026-03-25T11:18:24.191+02:00  INFO 9116 --- [restartedMain] .s.b.a.l.ConditionEvaluationReportLogger : 

Error starting ApplicationContext. To display the condition evaluation report re-run your application with 'debug' enabled.
2026-03-25T11:18:24.197+02:00 ERROR 9116 --- [restartedMain] o.s.b.d.LoggingFailureAnalysisReporter   : 

***************************
APPLICATION FAILED TO START
***************************

Description:

Web server failed to start. Port 8081 was already in use.

Action:

Identify and stop the process that's listening on port 8081 or configure this application to listen on another port.

2026-03-25T11:19:32.222+02:00  INFO 9185 --- [restartedMain] com.example.project.AuthApplication      : Starting AuthApplication using Java 21.0.7 with PID 9185 (/Users/andrshv/IdeaProjects/SmartGram-Auth-Service/target/classes started by andrshv in /Users/andrshv/IdeaProjects/SmartGram-Auth-Service)
2026-03-25T11:19:32.223+02:00 DEBUG 9185 --- [restartedMain] com.example.project.AuthApplication      : Running with Spring Boot v3.2.1, Spring v6.1.2
2026-03-25T11:19:32.223+02:00  INFO 9185 --- [restartedMain] com.example.project.AuthApplication      : No active profile set, falling back to 1 default profile: "default"
2026-03-25T11:19:32.237+02:00  INFO 9185 --- [restartedMain] .e.DevToolsPropertyDefaultsPostProcessor : Devtools property defaults active! Set 'spring.devtools.add-properties' to 'false' to disable
2026-03-25T11:19:32.238+02:00  INFO 9185 --- [restartedMain] .e.DevToolsPropertyDefaultsPostProcessor : For additional web related logging consider setting the 'logging.level.web' property to 'DEBUG'
2026-03-25T11:19:32.591+02:00  INFO 9185 --- [restartedMain] .s.d.r.c.RepositoryConfigurationDelegate : Bootstrapping Spring Data JPA repositories in DEFAULT mode.
2026-03-25T11:19:32.608+02:00  INFO 9185 --- [restartedMain] .s.d.r.c.RepositoryConfigurationDelegate : Finished Spring Data repository scanning in 15 ms. Found 1 JPA repository interface.
2026-03-25T11:19:32.963+02:00  INFO 9185 --- [restartedMain] o.s.b.w.embedded.tomcat.TomcatWebServer  : Tomcat initialized with port 8081 (http)
2026-03-25T11:19:32.970+02:00  INFO 9185 --- [restartedMain] o.apache.catalina.core.StandardService   : Starting service [Tomcat]
2026-03-25T11:19:32.970+02:00  INFO 9185 --- [restartedMain] o.apache.catalina.core.StandardEngine    : Starting Servlet engine: [Apache Tomcat/10.1.17]
2026-03-25T11:19:32.985+02:00  INFO 9185 --- [restartedMain] o.a.c.c.C.[Tomcat].[localhost].[/]       : Initializing Spring embedded WebApplicationContext
2026-03-25T11:19:32.985+02:00  INFO 9185 --- [restartedMain] w.s.c.ServletWebServerApplicationContext : Root WebApplicationContext: initialization completed in 747 ms
2026-03-25T11:19:33.147+02:00  INFO 9185 --- [restartedMain] o.hibernate.jpa.internal.util.LogHelper  : HHH000204: Processing PersistenceUnitInfo [name: default]
2026-03-25T11:19:33.160+02:00  INFO 9185 --- [restartedMain] org.hibernate.Version                    : HHH000412: Hibernate ORM core version 6.4.1.Final
2026-03-25T11:19:33.170+02:00  INFO 9185 --- [restartedMain] o.h.c.internal.RegionFactoryInitiator    : HHH000026: Second-level cache disabled
2026-03-25T11:19:33.220+02:00  INFO 9185 --- [restartedMain] o.s.o.j.p.SpringPersistenceUnitInfo      : No LoadTimeWeaver setup: ignoring JPA class transformer
2026-03-25T11:19:33.226+02:00  INFO 9185 --- [restartedMain] com.zaxxer.hikari.HikariDataSource       : HikariPool-1 - Starting...
2026-03-25T11:19:33.278+02:00  INFO 9185 --- [restartedMain] com.zaxxer.hikari.pool.HikariPool        : HikariPool-1 - Added connection com.mysql.cj.jdbc.ConnectionImpl@4b584dc7
2026-03-25T11:19:33.279+02:00  INFO 9185 --- [restartedMain] com.zaxxer.hikari.HikariDataSource       : HikariPool-1 - Start completed.
2026-03-25T11:19:33.516+02:00  INFO 9185 --- [restartedMain] o.h.e.t.j.p.i.JtaPlatformInitiator       : HHH000489: No JTA platform available (set 'hibernate.transaction.jta.platform' to enable JTA platform integration)
2026-03-25T11:19:33.530+02:00  INFO 9185 --- [restartedMain] j.LocalContainerEntityManagerFactoryBean : Initialized JPA EntityManagerFactory for persistence unit 'default'
2026-03-25T11:19:33.955+02:00  WARN 9185 --- [restartedMain] JpaBaseConfiguration$JpaWebConfiguration : spring.jpa.open-in-view is enabled by default. Therefore, database queries may be performed during view rendering. Explicitly configure spring.jpa.open-in-view to disable this warning
2026-03-25T11:19:34.267+02:00  INFO 9185 --- [restartedMain] o.s.b.a.e.web.EndpointLinksResolver      : Exposing 2 endpoint(s) beneath base path '/actuator'
2026-03-25T11:19:34.328+02:00  INFO 9185 --- [restartedMain] o.s.s.web.DefaultSecurityFilterChain     : Will secure any request with [org.springframework.security.web.session.DisableEncodeUrlFilter@3c33e224, org.springframework.security.web.context.request.async.WebAsyncManagerIntegrationFilter@1c3d818f, org.springframework.security.web.context.SecurityContextHolderFilter@1841ff95, org.springframework.security.web.header.HeaderWriterFilter@234a6230, org.springframework.web.filter.CorsFilter@5b47a2df, org.springframework.security.web.authentication.logout.LogoutFilter@bc51c26, org.springframework.security.oauth2.client.web.OAuth2AuthorizationRequestRedirectFilter@47455d27, org.springframework.security.oauth2.client.web.OAuth2LoginAuthenticationFilter@7b8193f0, com.example.project.filters.JwtFilter@297be13a, org.springframework.security.web.authentication.UsernamePasswordAuthenticationFilter@4e4bd543, org.springframework.security.web.savedrequest.RequestCacheAwareFilter@593fd4, org.springframework.security.web.servletapi.SecurityContextHolderAwareRequestFilter@fb1458c, org.springframework.security.web.authentication.AnonymousAuthenticationFilter@52a5c868, org.springframework.security.web.session.SessionManagementFilter@296faa71, org.springframework.security.web.access.ExceptionTranslationFilter@29ac55f9, org.springframework.security.web.access.intercept.AuthorizationFilter@ebcbe59]
2026-03-25T11:19:34.774+02:00  WARN 9185 --- [restartedMain] o.s.b.d.a.OptionalLiveReloadServer       : Unable to start LiveReload server
2026-03-25T11:19:34.800+02:00  WARN 9185 --- [restartedMain] ConfigServletWebServerApplicationContext : Exception encountered during context initialization - cancelling refresh attempt: org.springframework.context.ApplicationContextException: Failed to start bean 'webServerStartStop'
2026-03-25T11:19:34.803+02:00  INFO 9185 --- [restartedMain] j.LocalContainerEntityManagerFactoryBean : Closing JPA EntityManagerFactory for persistence unit 'default'
2026-03-25T11:19:34.804+02:00  INFO 9185 --- [restartedMain] com.zaxxer.hikari.HikariDataSource       : HikariPool-1 - Shutdown initiated...
2026-03-25T11:19:34.806+02:00  INFO 9185 --- [restartedMain] com.zaxxer.hikari.HikariDataSource       : HikariPool-1 - Shutdown completed.
2026-03-25T11:19:34.813+02:00  INFO 9185 --- [restartedMain] .s.b.a.l.ConditionEvaluationReportLogger : 

Error starting ApplicationContext. To display the condition evaluation report re-run your application with 'debug' enabled.
2026-03-25T11:19:34.819+02:00 ERROR 9185 --- [restartedMain] o.s.b.d.LoggingFailureAnalysisReporter   : 

***************************
APPLICATION FAILED TO START
***************************

Description:

Web server failed to start. Port 8081 was already in use.

Action:

Identify and stop the process that's listening on port 8081 or configure this application to listen on another port.

2026-03-25T11:20:52.512+02:00  INFO 9338 --- [restartedMain] com.example.project.AuthApplication      : Starting AuthApplication using Java 21.0.7 with PID 9338 (/Users/andrshv/IdeaProjects/SmartGram-Auth-Service/target/classes started by andrshv in /Users/andrshv/IdeaProjects/SmartGram-Auth-Service)
2026-03-25T11:20:52.512+02:00 DEBUG 9338 --- [restartedMain] com.example.project.AuthApplication      : Running with Spring Boot v3.2.1, Spring v6.1.2
2026-03-25T11:20:52.513+02:00  INFO 9338 --- [restartedMain] com.example.project.AuthApplication      : No active profile set, falling back to 1 default profile: "default"
2026-03-25T11:20:52.526+02:00  INFO 9338 --- [restartedMain] .e.DevToolsPropertyDefaultsPostProcessor : Devtools property defaults active! Set 'spring.devtools.add-properties' to 'false' to disable
2026-03-25T11:20:52.526+02:00  INFO 9338 --- [restartedMain] .e.DevToolsPropertyDefaultsPostProcessor : For additional web related logging consider setting the 'logging.level.web' property to 'DEBUG'
2026-03-25T11:20:52.858+02:00  INFO 9338 --- [restartedMain] .s.d.r.c.RepositoryConfigurationDelegate : Bootstrapping Spring Data JPA repositories in DEFAULT mode.
2026-03-25T11:20:52.875+02:00  INFO 9338 --- [restartedMain] .s.d.r.c.RepositoryConfigurationDelegate : Finished Spring Data repository scanning in 15 ms. Found 1 JPA repository interface.
2026-03-25T11:20:53.216+02:00  INFO 9338 --- [restartedMain] o.s.b.w.embedded.tomcat.TomcatWebServer  : Tomcat initialized with port 8081 (http)
2026-03-25T11:20:53.225+02:00  INFO 9338 --- [restartedMain] o.apache.catalina.core.StandardService   : Starting service [Tomcat]
2026-03-25T11:20:53.225+02:00  INFO 9338 --- [restartedMain] o.apache.catalina.core.StandardEngine    : Starting Servlet engine: [Apache Tomcat/10.1.17]
2026-03-25T11:20:53.242+02:00  INFO 9338 --- [restartedMain] o.a.c.c.C.[Tomcat].[localhost].[/]       : Initializing Spring embedded WebApplicationContext
2026-03-25T11:20:53.243+02:00  INFO 9338 --- [restartedMain] w.s.c.ServletWebServerApplicationContext : Root WebApplicationContext: initialization completed in 717 ms
2026-03-25T11:20:53.407+02:00  INFO 9338 --- [restartedMain] o.hibernate.jpa.internal.util.LogHelper  : HHH000204: Processing PersistenceUnitInfo [name: default]
2026-03-25T11:20:53.420+02:00  INFO 9338 --- [restartedMain] org.hibernate.Version                    : HHH000412: Hibernate ORM core version 6.4.1.Final
2026-03-25T11:20:53.428+02:00  INFO 9338 --- [restartedMain] o.h.c.internal.RegionFactoryInitiator    : HHH000026: Second-level cache disabled
2026-03-25T11:20:53.479+02:00  INFO 9338 --- [restartedMain] o.s.o.j.p.SpringPersistenceUnitInfo      : No LoadTimeWeaver setup: ignoring JPA class transformer
2026-03-25T11:20:53.486+02:00  INFO 9338 --- [restartedMain] com.zaxxer.hikari.HikariDataSource       : HikariPool-1 - Starting...
2026-03-25T11:20:53.536+02:00  INFO 9338 --- [restartedMain] com.zaxxer.hikari.pool.HikariPool        : HikariPool-1 - Added connection com.mysql.cj.jdbc.ConnectionImpl@140ed452
2026-03-25T11:20:53.537+02:00  INFO 9338 --- [restartedMain] com.zaxxer.hikari.HikariDataSource       : HikariPool-1 - Start completed.
2026-03-25T11:20:53.782+02:00  INFO 9338 --- [restartedMain] o.h.e.t.j.p.i.JtaPlatformInitiator       : HHH000489: No JTA platform available (set 'hibernate.transaction.jta.platform' to enable JTA platform integration)
2026-03-25T11:20:53.798+02:00  INFO 9338 --- [restartedMain] j.LocalContainerEntityManagerFactoryBean : Initialized JPA EntityManagerFactory for persistence unit 'default'
2026-03-25T11:20:54.246+02:00  WARN 9338 --- [restartedMain] JpaBaseConfiguration$JpaWebConfiguration : spring.jpa.open-in-view is enabled by default. Therefore, database queries may be performed during view rendering. Explicitly configure spring.jpa.open-in-view to disable this warning
2026-03-25T11:20:54.557+02:00  INFO 9338 --- [restartedMain] o.s.b.a.e.web.EndpointLinksResolver      : Exposing 2 endpoint(s) beneath base path '/actuator'
2026-03-25T11:20:54.618+02:00  INFO 9338 --- [restartedMain] o.s.s.web.DefaultSecurityFilterChain     : Will secure any request with [org.springframework.security.web.session.DisableEncodeUrlFilter@12128963, org.springframework.security.web.context.request.async.WebAsyncManagerIntegrationFilter@5219d58, org.springframework.security.web.context.SecurityContextHolderFilter@6c4f4639, org.springframework.security.web.header.HeaderWriterFilter@69a3477, org.springframework.web.filter.CorsFilter@321598c2, org.springframework.security.web.authentication.logout.LogoutFilter@8a73d55, org.springframework.security.oauth2.client.web.OAuth2AuthorizationRequestRedirectFilter@7ff5f356, org.springframework.security.oauth2.client.web.OAuth2LoginAuthenticationFilter@5db37324, com.example.project.filters.JwtFilter@4def1ab4, org.springframework.security.web.authentication.UsernamePasswordAuthenticationFilter@18a27344, org.springframework.security.web.savedrequest.RequestCacheAwareFilter@1547fd92, org.springframework.security.web.servletapi.SecurityContextHolderAwareRequestFilter@1f3c8561, org.springframework.security.web.authentication.AnonymousAuthenticationFilter@4c4551d6, org.springframework.security.web.session.SessionManagementFilter@711bb59e, org.springframework.security.web.access.ExceptionTranslationFilter@5be752e8, org.springframework.security.web.access.intercept.AuthorizationFilter@5a61d3f9]
2026-03-25T11:20:55.064+02:00  INFO 9338 --- [restartedMain] o.s.b.d.a.OptionalLiveReloadServer       : LiveReload server is running on port 35729
2026-03-25T11:20:55.093+02:00  INFO 9338 --- [restartedMain] o.s.b.w.embedded.tomcat.TomcatWebServer  : Tomcat started on port 8081 (http) with context path ''
2026-03-25T11:20:55.100+02:00  INFO 9338 --- [restartedMain] com.example.project.AuthApplication      : Started AuthApplication in 2.711 seconds (process running for 2.844)
2026-03-25T11:22:21.803+02:00  INFO 9613 --- [restartedMain] com.example.project.AuthApplication      : Starting AuthApplication using Java 21.0.7 with PID 9613 (/Users/andrshv/IdeaProjects/SmartGram-Auth-Service/target/classes started by andrshv in /Users/andrshv/IdeaProjects/SmartGram-Auth-Service)
2026-03-25T11:22:21.803+02:00 DEBUG 9613 --- [restartedMain] com.example.project.AuthApplication      : Running with Spring Boot v3.2.1, Spring v6.1.2
2026-03-25T11:22:21.803+02:00  INFO 9613 --- [restartedMain] com.example.project.AuthApplication      : No active profile set, falling back to 1 default profile: "default"
2026-03-25T11:22:21.817+02:00  INFO 9613 --- [restartedMain] .e.DevToolsPropertyDefaultsPostProcessor : Devtools property defaults active! Set 'spring.devtools.add-properties' to 'false' to disable
2026-03-25T11:22:21.818+02:00  INFO 9613 --- [restartedMain] .e.DevToolsPropertyDefaultsPostProcessor : For additional web related logging consider setting the 'logging.level.web' property to 'DEBUG'
2026-03-25T11:22:22.156+02:00  INFO 9613 --- [restartedMain] .s.d.r.c.RepositoryConfigurationDelegate : Bootstrapping Spring Data JPA repositories in DEFAULT mode.
2026-03-25T11:22:22.173+02:00  INFO 9613 --- [restartedMain] .s.d.r.c.RepositoryConfigurationDelegate : Finished Spring Data repository scanning in 15 ms. Found 1 JPA repository interface.
2026-03-25T11:22:22.527+02:00  INFO 9613 --- [restartedMain] o.s.b.w.embedded.tomcat.TomcatWebServer  : Tomcat initialized with port 8081 (http)
2026-03-25T11:22:22.531+02:00  INFO 9613 --- [restartedMain] o.apache.catalina.core.StandardService   : Starting service [Tomcat]
2026-03-25T11:22:22.531+02:00  INFO 9613 --- [restartedMain] o.apache.catalina.core.StandardEngine    : Starting Servlet engine: [Apache Tomcat/10.1.17]
2026-03-25T11:22:22.550+02:00  INFO 9613 --- [restartedMain] o.a.c.c.C.[Tomcat].[localhost].[/]       : Initializing Spring embedded WebApplicationContext
2026-03-25T11:22:22.550+02:00  INFO 9613 --- [restartedMain] w.s.c.ServletWebServerApplicationContext : Root WebApplicationContext: initialization completed in 732 ms
2026-03-25T11:22:22.728+02:00  INFO 9613 --- [restartedMain] o.hibernate.jpa.internal.util.LogHelper  : HHH000204: Processing PersistenceUnitInfo [name: default]
2026-03-25T11:22:22.743+02:00  INFO 9613 --- [restartedMain] org.hibernate.Version                    : HHH000412: Hibernate ORM core version 6.4.1.Final
2026-03-25T11:22:22.752+02:00  INFO 9613 --- [restartedMain] o.h.c.internal.RegionFactoryInitiator    : HHH000026: Second-level cache disabled
2026-03-25T11:22:22.809+02:00  INFO 9613 --- [restartedMain] o.s.o.j.p.SpringPersistenceUnitInfo      : No LoadTimeWeaver setup: ignoring JPA class transformer
2026-03-25T11:22:22.816+02:00  INFO 9613 --- [restartedMain] com.zaxxer.hikari.HikariDataSource       : HikariPool-1 - Starting...
2026-03-25T11:22:22.862+02:00  INFO 9613 --- [restartedMain] com.zaxxer.hikari.pool.HikariPool        : HikariPool-1 - Added connection com.mysql.cj.jdbc.ConnectionImpl@38cdecb6
2026-03-25T11:22:22.862+02:00  INFO 9613 --- [restartedMain] com.zaxxer.hikari.HikariDataSource       : HikariPool-1 - Start completed.
2026-03-25T11:22:23.116+02:00  INFO 9613 --- [restartedMain] o.h.e.t.j.p.i.JtaPlatformInitiator       : HHH000489: No JTA platform available (set 'hibernate.transaction.jta.platform' to enable JTA platform integration)
2026-03-25T11:22:23.133+02:00  INFO 9613 --- [restartedMain] j.LocalContainerEntityManagerFactoryBean : Initialized JPA EntityManagerFactory for persistence unit 'default'
2026-03-25T11:22:23.570+02:00  WARN 9613 --- [restartedMain] JpaBaseConfiguration$JpaWebConfiguration : spring.jpa.open-in-view is enabled by default. Therefore, database queries may be performed during view rendering. Explicitly configure spring.jpa.open-in-view to disable this warning
2026-03-25T11:22:23.870+02:00  INFO 9613 --- [restartedMain] o.s.b.a.e.web.EndpointLinksResolver      : Exposing 2 endpoint(s) beneath base path '/actuator'
2026-03-25T11:22:23.941+02:00  INFO 9613 --- [restartedMain] o.s.s.web.DefaultSecurityFilterChain     : Will secure any request with [org.springframework.security.web.session.DisableEncodeUrlFilter@72e75228, org.springframework.security.web.context.request.async.WebAsyncManagerIntegrationFilter@45004ec6, org.springframework.security.web.context.SecurityContextHolderFilter@2e974340, org.springframework.security.web.header.HeaderWriterFilter@7e9b0c27, org.springframework.web.filter.CorsFilter@4c46ba3d, org.springframework.security.web.authentication.logout.LogoutFilter@2a225fbb, org.springframework.security.oauth2.client.web.OAuth2AuthorizationRequestRedirectFilter@b0e03f6, org.springframework.security.oauth2.client.web.OAuth2LoginAuthenticationFilter@2dd3bbf4, com.example.project.filters.JwtFilter@3b829daa, org.springframework.security.web.authentication.UsernamePasswordAuthenticationFilter@4664cedd, org.springframework.security.web.savedrequest.RequestCacheAwareFilter@66b2ef9c, org.springframework.security.web.servletapi.SecurityContextHolderAwareRequestFilter@6da983d5, org.springframework.security.web.authentication.AnonymousAuthenticationFilter@52c10432, org.springframework.security.web.session.SessionManagementFilter@42f4bbb0, org.springframework.security.web.access.ExceptionTranslationFilter@505e328a, org.springframework.security.web.access.intercept.AuthorizationFilter@28dc1b56]
2026-03-25T11:22:24.400+02:00  WARN 9613 --- [restartedMain] o.s.b.d.a.OptionalLiveReloadServer       : Unable to start LiveReload server
2026-03-25T11:22:24.427+02:00  WARN 9613 --- [restartedMain] ConfigServletWebServerApplicationContext : Exception encountered during context initialization - cancelling refresh attempt: org.springframework.context.ApplicationContextException: Failed to start bean 'webServerStartStop'
2026-03-25T11:22:24.430+02:00  INFO 9613 --- [restartedMain] j.LocalContainerEntityManagerFactoryBean : Closing JPA EntityManagerFactory for persistence unit 'default'
2026-03-25T11:22:24.430+02:00  INFO 9613 --- [restartedMain] com.zaxxer.hikari.HikariDataSource       : HikariPool-1 - Shutdown initiated...
2026-03-25T11:22:24.432+02:00  INFO 9613 --- [restartedMain] com.zaxxer.hikari.HikariDataSource       : HikariPool-1 - Shutdown completed.
2026-03-25T11:22:24.440+02:00  INFO 9613 --- [restartedMain] .s.b.a.l.ConditionEvaluationReportLogger : 

Error starting ApplicationContext. To display the condition evaluation report re-run your application with 'debug' enabled.
2026-03-25T11:22:24.446+02:00 ERROR 9613 --- [restartedMain] o.s.b.d.LoggingFailureAnalysisReporter   : 

***************************
APPLICATION FAILED TO START
***************************

Description:

Web server failed to start. Port 8081 was already in use.

Action:

Identify and stop the process that's listening on port 8081 or configure this application to listen on another port.

2026-03-25T11:23:36.796+02:00  INFO 9714 --- [restartedMain] com.example.project.AuthApplication      : Starting AuthApplication using Java 21.0.7 with PID 9714 (/Users/andrshv/IdeaProjects/SmartGram-Auth-Service/target/classes started by andrshv in /Users/andrshv/IdeaProjects/SmartGram-Auth-Service)
2026-03-25T11:23:36.797+02:00 DEBUG 9714 --- [restartedMain] com.example.project.AuthApplication      : Running with Spring Boot v3.2.1, Spring v6.1.2
2026-03-25T11:23:36.797+02:00  INFO 9714 --- [restartedMain] com.example.project.AuthApplication      : No active profile set, falling back to 1 default profile: "default"
2026-03-25T11:23:36.811+02:00  INFO 9714 --- [restartedMain] .e.DevToolsPropertyDefaultsPostProcessor : Devtools property defaults active! Set 'spring.devtools.add-properties' to 'false' to disable
2026-03-25T11:23:36.812+02:00  INFO 9714 --- [restartedMain] .e.DevToolsPropertyDefaultsPostProcessor : For additional web related logging consider setting the 'logging.level.web' property to 'DEBUG'
2026-03-25T11:23:37.150+02:00  INFO 9714 --- [restartedMain] .s.d.r.c.RepositoryConfigurationDelegate : Bootstrapping Spring Data JPA repositories in DEFAULT mode.
2026-03-25T11:23:37.168+02:00  INFO 9714 --- [restartedMain] .s.d.r.c.RepositoryConfigurationDelegate : Finished Spring Data repository scanning in 15 ms. Found 1 JPA repository interface.
2026-03-25T11:23:37.527+02:00  INFO 9714 --- [restartedMain] o.s.b.w.embedded.tomcat.TomcatWebServer  : Tomcat initialized with port 8081 (http)
2026-03-25T11:23:37.530+02:00  INFO 9714 --- [restartedMain] o.apache.catalina.core.StandardService   : Starting service [Tomcat]
2026-03-25T11:23:37.531+02:00  INFO 9714 --- [restartedMain] o.apache.catalina.core.StandardEngine    : Starting Servlet engine: [Apache Tomcat/10.1.17]
2026-03-25T11:23:37.547+02:00  INFO 9714 --- [restartedMain] o.a.c.c.C.[Tomcat].[localhost].[/]       : Initializing Spring embedded WebApplicationContext
2026-03-25T11:23:37.548+02:00  INFO 9714 --- [restartedMain] w.s.c.ServletWebServerApplicationContext : Root WebApplicationContext: initialization completed in 736 ms
2026-03-25T11:23:37.726+02:00  INFO 9714 --- [restartedMain] o.hibernate.jpa.internal.util.LogHelper  : HHH000204: Processing PersistenceUnitInfo [name: default]
2026-03-25T11:23:37.740+02:00  INFO 9714 --- [restartedMain] org.hibernate.Version                    : HHH000412: Hibernate ORM core version 6.4.1.Final
2026-03-25T11:23:37.750+02:00  INFO 9714 --- [restartedMain] o.h.c.internal.RegionFactoryInitiator    : HHH000026: Second-level cache disabled
2026-03-25T11:23:37.806+02:00  INFO 9714 --- [restartedMain] o.s.o.j.p.SpringPersistenceUnitInfo      : No LoadTimeWeaver setup: ignoring JPA class transformer
2026-03-25T11:23:37.813+02:00  INFO 9714 --- [restartedMain] com.zaxxer.hikari.HikariDataSource       : HikariPool-1 - Starting...
2026-03-25T11:23:37.859+02:00  INFO 9714 --- [restartedMain] com.zaxxer.hikari.pool.HikariPool        : HikariPool-1 - Added connection com.mysql.cj.jdbc.ConnectionImpl@182eb67
2026-03-25T11:23:37.860+02:00  INFO 9714 --- [restartedMain] com.zaxxer.hikari.HikariDataSource       : HikariPool-1 - Start completed.
2026-03-25T11:23:38.113+02:00  INFO 9714 --- [restartedMain] o.h.e.t.j.p.i.JtaPlatformInitiator       : HHH000489: No JTA platform available (set 'hibernate.transaction.jta.platform' to enable JTA platform integration)
2026-03-25T11:23:38.130+02:00  INFO 9714 --- [restartedMain] j.LocalContainerEntityManagerFactoryBean : Initialized JPA EntityManagerFactory for persistence unit 'default'
2026-03-25T11:23:38.574+02:00  WARN 9714 --- [restartedMain] JpaBaseConfiguration$JpaWebConfiguration : spring.jpa.open-in-view is enabled by default. Therefore, database queries may be performed during view rendering. Explicitly configure spring.jpa.open-in-view to disable this warning
2026-03-25T11:23:38.877+02:00  INFO 9714 --- [restartedMain] o.s.b.a.e.web.EndpointLinksResolver      : Exposing 2 endpoint(s) beneath base path '/actuator'
2026-03-25T11:23:38.937+02:00  INFO 9714 --- [restartedMain] o.s.s.web.DefaultSecurityFilterChain     : Will secure any request with [org.springframework.security.web.session.DisableEncodeUrlFilter@761c94b2, org.springframework.security.web.context.request.async.WebAsyncManagerIntegrationFilter@76ab47fb, org.springframework.security.web.context.SecurityContextHolderFilter@1217880c, org.springframework.security.web.header.HeaderWriterFilter@491f9ac, org.springframework.web.filter.CorsFilter@6767c57b, org.springframework.security.web.authentication.logout.LogoutFilter@39765f30, org.springframework.security.oauth2.client.web.OAuth2AuthorizationRequestRedirectFilter@c91d95e, org.springframework.security.oauth2.client.web.OAuth2LoginAuthenticationFilter@4d8bf136, com.example.project.filters.JwtFilter@6ad61fc7, org.springframework.security.web.authentication.UsernamePasswordAuthenticationFilter@8bdfb45, org.springframework.security.web.savedrequest.RequestCacheAwareFilter@5272b306, org.springframework.security.web.servletapi.SecurityContextHolderAwareRequestFilter@30c22b02, org.springframework.security.web.authentication.AnonymousAuthenticationFilter@35c87160, org.springframework.security.web.session.SessionManagementFilter@5a07fae0, org.springframework.security.web.access.ExceptionTranslationFilter@6d601a3c, org.springframework.security.web.access.intercept.AuthorizationFilter@214cb9]
2026-03-25T11:23:39.384+02:00  INFO 9714 --- [restartedMain] o.s.b.d.a.OptionalLiveReloadServer       : LiveReload server is running on port 35729
2026-03-25T11:23:39.412+02:00  INFO 9714 --- [restartedMain] o.s.b.w.embedded.tomcat.TomcatWebServer  : Tomcat started on port 8081 (http) with context path ''
2026-03-25T11:23:39.418+02:00  INFO 9714 --- [restartedMain] com.example.project.AuthApplication      : Started AuthApplication in 2.747 seconds (process running for 2.89)
2026-03-25T11:25:07.018+02:00  INFO 9714 --- [http-nio-8081-exec-2] o.a.c.c.C.[Tomcat].[localhost].[/]       : Initializing Spring DispatcherServlet 'dispatcherServlet'
2026-03-25T11:25:07.018+02:00  INFO 9714 --- [http-nio-8081-exec-2] o.s.web.servlet.DispatcherServlet        : Initializing Servlet 'dispatcherServlet'
2026-03-25T11:25:07.019+02:00  INFO 9714 --- [http-nio-8081-exec-2] o.s.web.servlet.DispatcherServlet        : Completed initialization in 1 ms
2026-03-25T11:25:07.035+02:00 DEBUG 9714 --- [http-nio-8081-exec-2] o.s.s.w.a.AnonymousAuthenticationFilter  : Set SecurityContextHolder to anonymous SecurityContext
2026-03-25T11:25:07.087+02:00  INFO 9714 --- [http-nio-8081-exec-2] c.e.project.log.DetailedLoggingAspect    : ┌──▶ ВХОД: AuthRestController.login
2026-03-25T11:25:07.087+02:00  INFO 9714 --- [http-nio-8081-exec-2] c.e.project.log.DetailedLoggingAspect    : │ Параметры:
2026-03-25T11:25:07.088+02:00  INFO 9714 --- [http-nio-8081-exec-2] c.e.project.log.DetailedLoggingAspect    : │   • dto = [PROTECTED]
2026-03-25T11:25:07.088+02:00  INFO 9714 --- [http-nio-8081-exec-2] c.e.project.log.DetailedLoggingAspect    :   ┌──▶ ВХОД: AuthServiceImpl.loginUser
2026-03-25T11:25:07.088+02:00  INFO 9714 --- [http-nio-8081-exec-2] c.e.project.log.DetailedLoggingAspect    :   │ Параметры:
2026-03-25T11:25:07.088+02:00  INFO 9714 --- [http-nio-8081-exec-2] c.e.project.log.DetailedLoggingAspect    :   │   • dto = [PROTECTED]
2026-03-25T11:25:07.088+02:00  INFO 9714 --- [http-nio-8081-exec-2] c.e.project.service.AuthServiceImpl      : Попытка входа: andrey678a@gmail.com
2026-03-25T11:25:07.124+02:00 DEBUG 9714 --- [http-nio-8081-exec-2] org.hibernate.SQL                        : select u1_0.id,u1_0.is_active,u1_0.created_at,u1_0.email,u1_0.password,u1_0.reset_token,u1_0.reset_token_created_at,u1_0.role,u1_0.updated_at,u1_0.username from users u1_0 where u1_0.email=?
2026-03-25T11:25:07.228+02:00  INFO 9714 --- [http-nio-8081-exec-2] c.e.project.log.DetailedLoggingAspect    :   │ ✓ УСПЕШНО: AuthServiceImpl.loginUser
2026-03-25T11:25:07.228+02:00  INFO 9714 --- [http-nio-8081-exec-2] c.e.project.log.DetailedLoggingAspect    :   │ Результат: UserResponseDTO [PROTECTED]
2026-03-25T11:25:07.228+02:00  INFO 9714 --- [http-nio-8081-exec-2] c.e.project.log.DetailedLoggingAspect    :   │ ⏱ Время: 140 мс
2026-03-25T11:25:07.228+02:00  INFO 9714 --- [http-nio-8081-exec-2] c.e.project.log.DetailedLoggingAspect    :   └──▶ ВЫХОД: AuthServiceImpl.loginUser
2026-03-25T11:25:07.229+02:00  INFO 9714 --- [http-nio-8081-exec-2] c.e.project.log.DetailedLoggingAspect    : │ ✓ УСПЕШНО: AuthRestController.login
2026-03-25T11:25:07.229+02:00  INFO 9714 --- [http-nio-8081-exec-2] c.e.project.log.DetailedLoggingAspect    : │ Результат: ResponseEntity [PROTECTED]
2026-03-25T11:25:07.229+02:00  INFO 9714 --- [http-nio-8081-exec-2] c.e.project.log.DetailedLoggingAspect    : │ ⏱ Время: 142 мс
2026-03-25T11:25:07.229+02:00  INFO 9714 --- [http-nio-8081-exec-2] c.e.project.log.DetailedLoggingAspect    : └──▶ ВЫХОД: AuthRestController.login
2026-03-25T11:25:17.288+02:00  INFO 9714 --- [http-nio-8081-exec-3] c.e.project.log.DetailedLoggingAspect    : ┌──▶ ВХОД: CustomUserDetailsService.loadUserByUsername
2026-03-25T11:25:17.289+02:00  INFO 9714 --- [http-nio-8081-exec-3] c.e.project.log.DetailedLoggingAspect    : │ Параметры:
2026-03-25T11:25:17.289+02:00  INFO 9714 --- [http-nio-8081-exec-3] c.e.project.log.DetailedLoggingAspect    : │   • identifier = andrey678a@gmail.com
2026-03-25T11:25:17.289+02:00 DEBUG 9714 --- [http-nio-8081-exec-3] c.e.p.s.custom.CustomUserDetailsService  : Попытка загрузить пользователя по identifier: andrey678a@gmail.com
2026-03-25T11:25:17.303+02:00 DEBUG 9714 --- [http-nio-8081-exec-3] org.hibernate.SQL                        : select u1_0.id,u1_0.is_active,u1_0.created_at,u1_0.email,u1_0.password,u1_0.reset_token,u1_0.reset_token_created_at,u1_0.role,u1_0.updated_at,u1_0.username from users u1_0 where upper(u1_0.email)=upper(?)
2026-03-25T11:25:17.312+02:00 DEBUG 9714 --- [http-nio-8081-exec-3] c.e.p.s.custom.CustomUserDetailsService  : Пользователь загружен успешно: andrey678a@gmail.com (email: db40fbe5-c5a4-4b6f-b04b-fc8b6df8706c, id: {})
2026-03-25T11:25:17.312+02:00  INFO 9714 --- [http-nio-8081-exec-3] c.e.project.log.DetailedLoggingAspect    : │ ✓ УСПЕШНО: CustomUserDetailsService.loadUserByUsername
2026-03-25T11:25:17.312+02:00  INFO 9714 --- [http-nio-8081-exec-3] c.e.project.log.DetailedLoggingAspect    : │ Результат: CustomUserDetails com.example.project.service.custom.CustomUserDetails@5de3da22
2026-03-25T11:25:17.312+02:00  INFO 9714 --- [http-nio-8081-exec-3] c.e.project.log.DetailedLoggingAspect    : │ ⏱ Время: 24 мс
2026-03-25T11:25:17.312+02:00  INFO 9714 --- [http-nio-8081-exec-3] c.e.project.log.DetailedLoggingAspect    : └──▶ ВЫХОД: CustomUserDetailsService.loadUserByUsername
2026-03-25T11:25:17.313+02:00  INFO 9714 --- [http-nio-8081-exec-3] c.e.project.log.DetailedLoggingAspect    : ┌──▶ ВХОД: AuthRestController.me
2026-03-25T11:25:17.313+02:00  INFO 9714 --- [http-nio-8081-exec-3] c.e.project.log.DetailedLoggingAspect    : │ Параметры:
2026-03-25T11:25:17.314+02:00  INFO 9714 --- [http-nio-8081-exec-3] c.e.project.log.DetailedLoggingAspect    : │   • authentication = [PROTECTED]
2026-03-25T11:25:17.320+02:00 DEBUG 9714 --- [http-nio-8081-exec-3] org.hibernate.SQL                        : select u1_0.id,u1_0.is_active,u1_0.created_at,u1_0.email,u1_0.password,u1_0.reset_token,u1_0.reset_token_created_at,u1_0.role,u1_0.updated_at,u1_0.username from users u1_0 where u1_0.id=?
2026-03-25T11:25:17.323+02:00  INFO 9714 --- [http-nio-8081-exec-3] c.e.project.log.DetailedLoggingAspect    : │ ✓ УСПЕШНО: AuthRestController.me
2026-03-25T11:25:17.323+02:00  INFO 9714 --- [http-nio-8081-exec-3] c.e.project.log.DetailedLoggingAspect    : │ Результат: ResponseEntity [PROTECTED]
2026-03-25T11:25:17.323+02:00  INFO 9714 --- [http-nio-8081-exec-3] c.e.project.log.DetailedLoggingAspect    : │ ⏱ Время: 10 мс
2026-03-25T11:25:17.323+02:00  INFO 9714 --- [http-nio-8081-exec-3] c.e.project.log.DetailedLoggingAspect    : └──▶ ВЫХОД: AuthRestController.me
2026-03-25T11:51:03.934+02:00  WARN 9714 --- [HikariPool-1 housekeeper] com.zaxxer.hikari.pool.HikariPool        : HikariPool-1 - Thread starvation or clock leap detected (housekeeper delta=6m22s799ms).
2026-03-25T11:58:20.100+02:00  INFO 9714 --- [SpringApplicationShutdownHook] j.LocalContainerEntityManagerFactoryBean : Closing JPA EntityManagerFactory for persistence unit 'default'
2026-03-25T11:58:20.102+02:00  INFO 9714 --- [SpringApplicationShutdownHook] com.zaxxer.hikari.HikariDataSource       : HikariPool-1 - Shutdown initiated...
2026-03-25T11:58:20.106+02:00  INFO 9714 --- [SpringApplicationShutdownHook] com.zaxxer.hikari.HikariDataSource       : HikariPool-1 - Shutdown completed.
2026-03-25T14:03:14.454+02:00  INFO 12563 --- [restartedMain] com.example.project.AuthApplication      : Starting AuthApplication using Java 21.0.7 with PID 12563 (/Users/andrshv/IdeaProjects/SmartGram-Auth-Service/target/classes started by andrshv in /Users/andrshv/IdeaProjects/SmartGram-Auth-Service)
2026-03-25T14:03:14.455+02:00 DEBUG 12563 --- [restartedMain] com.example.project.AuthApplication      : Running with Spring Boot v3.2.1, Spring v6.1.2
2026-03-25T14:03:14.455+02:00  INFO 12563 --- [restartedMain] com.example.project.AuthApplication      : No active profile set, falling back to 1 default profile: "default"
2026-03-25T14:03:14.472+02:00  INFO 12563 --- [restartedMain] .e.DevToolsPropertyDefaultsPostProcessor : Devtools property defaults active! Set 'spring.devtools.add-properties' to 'false' to disable
2026-03-25T14:03:14.473+02:00  INFO 12563 --- [restartedMain] .e.DevToolsPropertyDefaultsPostProcessor : For additional web related logging consider setting the 'logging.level.web' property to 'DEBUG'
2026-03-25T14:03:14.858+02:00  INFO 12563 --- [restartedMain] .s.d.r.c.RepositoryConfigurationDelegate : Bootstrapping Spring Data JPA repositories in DEFAULT mode.
2026-03-25T14:03:14.876+02:00  INFO 12563 --- [restartedMain] .s.d.r.c.RepositoryConfigurationDelegate : Finished Spring Data repository scanning in 15 ms. Found 1 JPA repository interface.
2026-03-25T14:03:15.243+02:00  INFO 12563 --- [restartedMain] o.s.b.w.embedded.tomcat.TomcatWebServer  : Tomcat initialized with port 8081 (http)
2026-03-25T14:03:15.248+02:00  INFO 12563 --- [restartedMain] o.apache.catalina.core.StandardService   : Starting service [Tomcat]
2026-03-25T14:03:15.248+02:00  INFO 12563 --- [restartedMain] o.apache.catalina.core.StandardEngine    : Starting Servlet engine: [Apache Tomcat/10.1.17]
2026-03-25T14:03:15.265+02:00  INFO 12563 --- [restartedMain] o.a.c.c.C.[Tomcat].[localhost].[/]       : Initializing Spring embedded WebApplicationContext
2026-03-25T14:03:15.266+02:00  INFO 12563 --- [restartedMain] w.s.c.ServletWebServerApplicationContext : Root WebApplicationContext: initialization completed in 793 ms
2026-03-25T14:03:15.447+02:00  INFO 12563 --- [restartedMain] o.hibernate.jpa.internal.util.LogHelper  : HHH000204: Processing PersistenceUnitInfo [name: default]
2026-03-25T14:03:15.465+02:00  INFO 12563 --- [restartedMain] org.hibernate.Version                    : HHH000412: Hibernate ORM core version 6.4.1.Final
2026-03-25T14:03:15.475+02:00  INFO 12563 --- [restartedMain] o.h.c.internal.RegionFactoryInitiator    : HHH000026: Second-level cache disabled
2026-03-25T14:03:15.536+02:00  INFO 12563 --- [restartedMain] o.s.o.j.p.SpringPersistenceUnitInfo      : No LoadTimeWeaver setup: ignoring JPA class transformer
2026-03-25T14:03:15.544+02:00  INFO 12563 --- [restartedMain] com.zaxxer.hikari.HikariDataSource       : HikariPool-1 - Starting...
2026-03-25T14:03:15.603+02:00  INFO 12563 --- [restartedMain] com.zaxxer.hikari.pool.HikariPool        : HikariPool-1 - Added connection com.mysql.cj.jdbc.ConnectionImpl@65e6eeaf
2026-03-25T14:03:15.604+02:00  INFO 12563 --- [restartedMain] com.zaxxer.hikari.HikariDataSource       : HikariPool-1 - Start completed.
2026-03-25T14:03:15.876+02:00  INFO 12563 --- [restartedMain] o.h.e.t.j.p.i.JtaPlatformInitiator       : HHH000489: No JTA platform available (set 'hibernate.transaction.jta.platform' to enable JTA platform integration)
2026-03-25T14:03:15.894+02:00  INFO 12563 --- [restartedMain] j.LocalContainerEntityManagerFactoryBean : Initialized JPA EntityManagerFactory for persistence unit 'default'
2026-03-25T14:03:16.340+02:00  WARN 12563 --- [restartedMain] JpaBaseConfiguration$JpaWebConfiguration : spring.jpa.open-in-view is enabled by default. Therefore, database queries may be performed during view rendering. Explicitly configure spring.jpa.open-in-view to disable this warning
2026-03-25T14:03:16.641+02:00  INFO 12563 --- [restartedMain] o.s.b.a.e.web.EndpointLinksResolver      : Exposing 2 endpoint(s) beneath base path '/actuator'
2026-03-25T14:03:16.713+02:00  INFO 12563 --- [restartedMain] o.s.s.web.DefaultSecurityFilterChain     : Will secure any request with [org.springframework.security.web.session.DisableEncodeUrlFilter@3e052c09, org.springframework.security.web.context.request.async.WebAsyncManagerIntegrationFilter@4a97f227, org.springframework.security.web.context.SecurityContextHolderFilter@4a900fd0, org.springframework.security.web.header.HeaderWriterFilter@42423127, org.springframework.web.filter.CorsFilter@731ff931, org.springframework.security.web.authentication.logout.LogoutFilter@3382a05f, org.springframework.security.oauth2.client.web.OAuth2AuthorizationRequestRedirectFilter@4d09361b, org.springframework.security.oauth2.client.web.OAuth2LoginAuthenticationFilter@77b404e5, com.example.project.filters.JwtFilter@50704b9f, org.springframework.security.web.authentication.UsernamePasswordAuthenticationFilter@2abd4ea7, org.springframework.security.web.savedrequest.RequestCacheAwareFilter@4d2be8e9, org.springframework.security.web.servletapi.SecurityContextHolderAwareRequestFilter@3f9847d1, org.springframework.security.web.authentication.AnonymousAuthenticationFilter@5803e3d6, org.springframework.security.web.session.SessionManagementFilter@2edff774, org.springframework.security.web.access.ExceptionTranslationFilter@31e8bd57, org.springframework.security.web.access.intercept.AuthorizationFilter@2118d514]
2026-03-25T14:03:17.149+02:00  INFO 12563 --- [restartedMain] o.s.b.d.a.OptionalLiveReloadServer       : LiveReload server is running on port 35729
2026-03-25T14:03:17.180+02:00  INFO 12563 --- [restartedMain] o.s.b.w.embedded.tomcat.TomcatWebServer  : Tomcat started on port 8081 (http) with context path ''
2026-03-25T14:03:17.187+02:00  INFO 12563 --- [restartedMain] com.example.project.AuthApplication      : Started AuthApplication in 2.871 seconds (process running for 3.027)
2026-03-25T14:06:06.623+02:00  INFO 12563 --- [http-nio-8081-exec-2] o.a.c.c.C.[Tomcat].[localhost].[/]       : Initializing Spring DispatcherServlet 'dispatcherServlet'
2026-03-25T14:06:06.624+02:00  INFO 12563 --- [http-nio-8081-exec-2] o.s.web.servlet.DispatcherServlet        : Initializing Servlet 'dispatcherServlet'
2026-03-25T14:06:06.626+02:00  INFO 12563 --- [http-nio-8081-exec-2] o.s.web.servlet.DispatcherServlet        : Completed initialization in 2 ms
2026-03-25T14:06:06.640+02:00 DEBUG 12563 --- [http-nio-8081-exec-2] o.s.s.w.a.AnonymousAuthenticationFilter  : Set SecurityContextHolder to anonymous SecurityContext
2026-03-25T14:06:06.690+02:00  INFO 12563 --- [http-nio-8081-exec-2] c.e.project.log.DetailedLoggingAspect    : ┌──▶ ВХОД: AuthRestController.login
2026-03-25T14:06:06.690+02:00  INFO 12563 --- [http-nio-8081-exec-2] c.e.project.log.DetailedLoggingAspect    : │ Параметры:
2026-03-25T14:06:06.691+02:00  INFO 12563 --- [http-nio-8081-exec-2] c.e.project.log.DetailedLoggingAspect    : │   • dto = [PROTECTED]
2026-03-25T14:06:06.691+02:00  INFO 12563 --- [http-nio-8081-exec-2] c.e.project.log.DetailedLoggingAspect    :   ┌──▶ ВХОД: AuthServiceImpl.loginUser
2026-03-25T14:06:06.691+02:00  INFO 12563 --- [http-nio-8081-exec-2] c.e.project.log.DetailedLoggingAspect    :   │ Параметры:
2026-03-25T14:06:06.691+02:00  INFO 12563 --- [http-nio-8081-exec-2] c.e.project.log.DetailedLoggingAspect    :   │   • dto = [PROTECTED]
2026-03-25T14:06:06.691+02:00  INFO 12563 --- [http-nio-8081-exec-2] c.e.project.service.AuthServiceImpl      : Попытка входа: andrey678a@gmail.com
2026-03-25T14:06:06.727+02:00 DEBUG 12563 --- [http-nio-8081-exec-2] org.hibernate.SQL                        : select u1_0.id,u1_0.is_active,u1_0.created_at,u1_0.email,u1_0.password,u1_0.reset_token,u1_0.reset_token_created_at,u1_0.role,u1_0.updated_at,u1_0.username from users u1_0 where u1_0.email=?
2026-03-25T14:06:06.831+02:00  INFO 12563 --- [http-nio-8081-exec-2] c.e.project.log.DetailedLoggingAspect    :   │ ✓ УСПЕШНО: AuthServiceImpl.loginUser
2026-03-25T14:06:06.832+02:00  INFO 12563 --- [http-nio-8081-exec-2] c.e.project.log.DetailedLoggingAspect    :   │ Результат: UserResponseDTO [PROTECTED]
2026-03-25T14:06:06.832+02:00  INFO 12563 --- [http-nio-8081-exec-2] c.e.project.log.DetailedLoggingAspect    :   │ ⏱ Время: 140 мс
2026-03-25T14:06:06.832+02:00  INFO 12563 --- [http-nio-8081-exec-2] c.e.project.log.DetailedLoggingAspect    :   └──▶ ВЫХОД: AuthServiceImpl.loginUser
2026-03-25T14:06:06.833+02:00  INFO 12563 --- [http-nio-8081-exec-2] c.e.project.log.DetailedLoggingAspect    : │ ✓ УСПЕШНО: AuthRestController.login
2026-03-25T14:06:06.833+02:00  INFO 12563 --- [http-nio-8081-exec-2] c.e.project.log.DetailedLoggingAspect    : │ Результат: ResponseEntity [PROTECTED]
2026-03-25T14:06:06.833+02:00  INFO 12563 --- [http-nio-8081-exec-2] c.e.project.log.DetailedLoggingAspect    : │ ⏱ Время: 143 мс
2026-03-25T14:06:06.833+02:00  INFO 12563 --- [http-nio-8081-exec-2] c.e.project.log.DetailedLoggingAspect    : └──▶ ВЫХОД: AuthRestController.login
2026-03-25T14:06:20.410+02:00  INFO 12563 --- [http-nio-8081-exec-3] c.e.project.log.DetailedLoggingAspect    : ┌──▶ ВХОД: CustomUserDetailsService.loadUserByUsername
2026-03-25T14:06:20.410+02:00  INFO 12563 --- [http-nio-8081-exec-3] c.e.project.log.DetailedLoggingAspect    : │ Параметры:
2026-03-25T14:06:20.410+02:00  INFO 12563 --- [http-nio-8081-exec-3] c.e.project.log.DetailedLoggingAspect    : │   • identifier = andrey678a@gmail.com
2026-03-25T14:06:20.411+02:00 DEBUG 12563 --- [http-nio-8081-exec-3] c.e.p.s.custom.CustomUserDetailsService  : Попытка загрузить пользователя по identifier: andrey678a@gmail.com
2026-03-25T14:06:20.425+02:00 DEBUG 12563 --- [http-nio-8081-exec-3] org.hibernate.SQL                        : select u1_0.id,u1_0.is_active,u1_0.created_at,u1_0.email,u1_0.password,u1_0.reset_token,u1_0.reset_token_created_at,u1_0.role,u1_0.updated_at,u1_0.username from users u1_0 where upper(u1_0.email)=upper(?)
2026-03-25T14:06:20.444+02:00 DEBUG 12563 --- [http-nio-8081-exec-3] c.e.p.s.custom.CustomUserDetailsService  : Пользователь загружен успешно: andrey678a@gmail.com (email: db40fbe5-c5a4-4b6f-b04b-fc8b6df8706c, id: {})
2026-03-25T14:06:20.444+02:00  INFO 12563 --- [http-nio-8081-exec-3] c.e.project.log.DetailedLoggingAspect    : │ ✓ УСПЕШНО: CustomUserDetailsService.loadUserByUsername
2026-03-25T14:06:20.444+02:00  INFO 12563 --- [http-nio-8081-exec-3] c.e.project.log.DetailedLoggingAspect    : │ Результат: CustomUserDetails com.example.project.service.custom.CustomUserDetails@6ee8ded6
2026-03-25T14:06:20.444+02:00  INFO 12563 --- [http-nio-8081-exec-3] c.e.project.log.DetailedLoggingAspect    : │ ⏱ Время: 34 мс
2026-03-25T14:06:20.444+02:00  INFO 12563 --- [http-nio-8081-exec-3] c.e.project.log.DetailedLoggingAspect    : └──▶ ВЫХОД: CustomUserDetailsService.loadUserByUsername
2026-03-25T14:06:20.446+02:00  INFO 12563 --- [http-nio-8081-exec-3] c.e.project.log.DetailedLoggingAspect    : ┌──▶ ВХОД: AuthRestController.me
2026-03-25T14:06:20.446+02:00  INFO 12563 --- [http-nio-8081-exec-3] c.e.project.log.DetailedLoggingAspect    : │ Параметры:
2026-03-25T14:06:20.446+02:00  INFO 12563 --- [http-nio-8081-exec-3] c.e.project.log.DetailedLoggingAspect    : │   • authentication = [PROTECTED]
2026-03-25T14:06:20.452+02:00 DEBUG 12563 --- [http-nio-8081-exec-3] org.hibernate.SQL                        : select u1_0.id,u1_0.is_active,u1_0.created_at,u1_0.email,u1_0.password,u1_0.reset_token,u1_0.reset_token_created_at,u1_0.role,u1_0.updated_at,u1_0.username from users u1_0 where u1_0.id=?
2026-03-25T14:06:20.454+02:00  INFO 12563 --- [http-nio-8081-exec-3] c.e.project.log.DetailedLoggingAspect    : │ ✓ УСПЕШНО: AuthRestController.me
2026-03-25T14:06:20.454+02:00  INFO 12563 --- [http-nio-8081-exec-3] c.e.project.log.DetailedLoggingAspect    : │ Результат: ResponseEntity [PROTECTED]
2026-03-25T14:06:20.454+02:00  INFO 12563 --- [http-nio-8081-exec-3] c.e.project.log.DetailedLoggingAspect    : │ ⏱ Время: 8 мс
2026-03-25T14:06:20.454+02:00  INFO 12563 --- [http-nio-8081-exec-3] c.e.project.log.DetailedLoggingAspect    : └──▶ ВЫХОД: AuthRestController.me
2026-03-25T14:14:51.168+02:00  INFO 12563 --- [http-nio-8081-exec-6] c.e.project.log.DetailedLoggingAspect    : ┌──▶ ВХОД: CustomUserDetailsService.loadUserByUsername
2026-03-25T14:14:51.168+02:00  INFO 12563 --- [http-nio-8081-exec-6] c.e.project.log.DetailedLoggingAspect    : │ Параметры:
2026-03-25T14:14:51.168+02:00  INFO 12563 --- [http-nio-8081-exec-6] c.e.project.log.DetailedLoggingAspect    : │   • identifier = andrey678a@gmail.com
2026-03-25T14:14:51.168+02:00 DEBUG 12563 --- [http-nio-8081-exec-6] c.e.p.s.custom.CustomUserDetailsService  : Попытка загрузить пользователя по identifier: andrey678a@gmail.com
2026-03-25T14:14:51.169+02:00 DEBUG 12563 --- [http-nio-8081-exec-6] org.hibernate.SQL                        : select u1_0.id,u1_0.is_active,u1_0.created_at,u1_0.email,u1_0.password,u1_0.reset_token,u1_0.reset_token_created_at,u1_0.role,u1_0.updated_at,u1_0.username from users u1_0 where upper(u1_0.email)=upper(?)
2026-03-25T14:14:51.176+02:00 DEBUG 12563 --- [http-nio-8081-exec-6] c.e.p.s.custom.CustomUserDetailsService  : Пользователь загружен успешно: andrey678a@gmail.com (email: db40fbe5-c5a4-4b6f-b04b-fc8b6df8706c, id: {})
2026-03-25T14:14:51.176+02:00  INFO 12563 --- [http-nio-8081-exec-6] c.e.project.log.DetailedLoggingAspect    : │ ✓ УСПЕШНО: CustomUserDetailsService.loadUserByUsername
2026-03-25T14:14:51.176+02:00  INFO 12563 --- [http-nio-8081-exec-6] c.e.project.log.DetailedLoggingAspect    : │ Результат: CustomUserDetails com.example.project.service.custom.CustomUserDetails@7383fe64
2026-03-25T14:14:51.176+02:00  INFO 12563 --- [http-nio-8081-exec-6] c.e.project.log.DetailedLoggingAspect    : │ ⏱ Время: 8 мс
2026-03-25T14:14:51.176+02:00  INFO 12563 --- [http-nio-8081-exec-6] c.e.project.log.DetailedLoggingAspect    : └──▶ ВЫХОД: CustomUserDetailsService.loadUserByUsername
2026-03-25T14:14:51.177+02:00  INFO 12563 --- [http-nio-8081-exec-6] c.e.project.log.DetailedLoggingAspect    : ┌──▶ ВХОД: AuthRestController.me
2026-03-25T14:14:51.177+02:00  INFO 12563 --- [http-nio-8081-exec-6] c.e.project.log.DetailedLoggingAspect    : │ Параметры:
2026-03-25T14:14:51.177+02:00  INFO 12563 --- [http-nio-8081-exec-6] c.e.project.log.DetailedLoggingAspect    : │   • authentication = [PROTECTED]
2026-03-25T14:14:51.179+02:00 DEBUG 12563 --- [http-nio-8081-exec-6] org.hibernate.SQL                        : select u1_0.id,u1_0.is_active,u1_0.created_at,u1_0.email,u1_0.password,u1_0.reset_token,u1_0.reset_token_created_at,u1_0.role,u1_0.updated_at,u1_0.username from users u1_0 where u1_0.id=?
2026-03-25T14:14:51.181+02:00  INFO 12563 --- [http-nio-8081-exec-6] c.e.project.log.DetailedLoggingAspect    : │ ✓ УСПЕШНО: AuthRestController.me
2026-03-25T14:14:51.181+02:00  INFO 12563 --- [http-nio-8081-exec-6] c.e.project.log.DetailedLoggingAspect    : │ Результат: ResponseEntity [PROTECTED]
2026-03-25T14:14:51.181+02:00  INFO 12563 --- [http-nio-8081-exec-6] c.e.project.log.DetailedLoggingAspect    : │ ⏱ Время: 4 мс
2026-03-25T14:14:51.181+02:00  INFO 12563 --- [http-nio-8081-exec-6] c.e.project.log.DetailedLoggingAspect    : └──▶ ВЫХОД: AuthRestController.me
2026-03-25T14:24:08.642+02:00  INFO 12563 --- [http-nio-8081-exec-8] c.e.project.log.DetailedLoggingAspect    : ┌──▶ ВХОД: CustomUserDetailsService.loadUserByUsername
2026-03-25T14:24:08.642+02:00  INFO 12563 --- [http-nio-8081-exec-8] c.e.project.log.DetailedLoggingAspect    : │ Параметры:
2026-03-25T14:24:08.642+02:00  INFO 12563 --- [http-nio-8081-exec-8] c.e.project.log.DetailedLoggingAspect    : │   • identifier = andrey678a@gmail.com
2026-03-25T14:24:08.642+02:00 DEBUG 12563 --- [http-nio-8081-exec-8] c.e.p.s.custom.CustomUserDetailsService  : Попытка загрузить пользователя по identifier: andrey678a@gmail.com
2026-03-25T14:24:08.642+02:00 DEBUG 12563 --- [http-nio-8081-exec-8] org.hibernate.SQL                        : select u1_0.id,u1_0.is_active,u1_0.created_at,u1_0.email,u1_0.password,u1_0.reset_token,u1_0.reset_token_created_at,u1_0.role,u1_0.updated_at,u1_0.username from users u1_0 where upper(u1_0.email)=upper(?)
2026-03-25T14:24:08.649+02:00 DEBUG 12563 --- [http-nio-8081-exec-8] c.e.p.s.custom.CustomUserDetailsService  : Пользователь загружен успешно: andrey678a@gmail.com (email: db40fbe5-c5a4-4b6f-b04b-fc8b6df8706c, id: {})
2026-03-25T14:24:08.649+02:00  INFO 12563 --- [http-nio-8081-exec-8] c.e.project.log.DetailedLoggingAspect    : │ ✓ УСПЕШНО: CustomUserDetailsService.loadUserByUsername
2026-03-25T14:24:08.649+02:00  INFO 12563 --- [http-nio-8081-exec-8] c.e.project.log.DetailedLoggingAspect    : │ Результат: CustomUserDetails com.example.project.service.custom.CustomUserDetails@c8cc1f3
2026-03-25T14:24:08.649+02:00  INFO 12563 --- [http-nio-8081-exec-8] c.e.project.log.DetailedLoggingAspect    : │ ⏱ Время: 7 мс
2026-03-25T14:24:08.649+02:00  INFO 12563 --- [http-nio-8081-exec-8] c.e.project.log.DetailedLoggingAspect    : └──▶ ВЫХОД: CustomUserDetailsService.loadUserByUsername
2026-03-25T14:24:08.649+02:00  INFO 12563 --- [http-nio-8081-exec-8] c.e.project.log.DetailedLoggingAspect    : ┌──▶ ВХОД: AuthRestController.me
2026-03-25T14:24:08.649+02:00  INFO 12563 --- [http-nio-8081-exec-8] c.e.project.log.DetailedLoggingAspect    : │ Параметры:
2026-03-25T14:24:08.649+02:00  INFO 12563 --- [http-nio-8081-exec-8] c.e.project.log.DetailedLoggingAspect    : │   • authentication = [PROTECTED]
2026-03-25T14:24:08.650+02:00 DEBUG 12563 --- [http-nio-8081-exec-8] org.hibernate.SQL                        : select u1_0.id,u1_0.is_active,u1_0.created_at,u1_0.email,u1_0.password,u1_0.reset_token,u1_0.reset_token_created_at,u1_0.role,u1_0.updated_at,u1_0.username from users u1_0 where u1_0.id=?
2026-03-25T14:24:08.652+02:00  INFO 12563 --- [http-nio-8081-exec-8] c.e.project.log.DetailedLoggingAspect    : │ ✓ УСПЕШНО: AuthRestController.me
2026-03-25T14:24:08.652+02:00  INFO 12563 --- [http-nio-8081-exec-8] c.e.project.log.DetailedLoggingAspect    : │ Результат: ResponseEntity [PROTECTED]
2026-03-25T14:24:08.652+02:00  INFO 12563 --- [http-nio-8081-exec-8] c.e.project.log.DetailedLoggingAspect    : │ ⏱ Время: 3 мс
2026-03-25T14:24:08.652+02:00  INFO 12563 --- [http-nio-8081-exec-8] c.e.project.log.DetailedLoggingAspect    : └──▶ ВЫХОД: AuthRestController.me
2026-03-25T14:41:19.653+02:00  INFO 12563 --- [http-nio-8081-exec-10] c.e.project.log.DetailedLoggingAspect    : ┌──▶ ВХОД: CustomUserDetailsService.loadUserByUsername
2026-03-25T14:41:19.653+02:00  INFO 12563 --- [http-nio-8081-exec-10] c.e.project.log.DetailedLoggingAspect    : │ Параметры:
2026-03-25T14:41:19.653+02:00  INFO 12563 --- [http-nio-8081-exec-10] c.e.project.log.DetailedLoggingAspect    : │   • identifier = andrey678a@gmail.com
2026-03-25T14:41:19.653+02:00 DEBUG 12563 --- [http-nio-8081-exec-10] c.e.p.s.custom.CustomUserDetailsService  : Попытка загрузить пользователя по identifier: andrey678a@gmail.com
2026-03-25T14:41:19.654+02:00 DEBUG 12563 --- [http-nio-8081-exec-10] org.hibernate.SQL                        : select u1_0.id,u1_0.is_active,u1_0.created_at,u1_0.email,u1_0.password,u1_0.reset_token,u1_0.reset_token_created_at,u1_0.role,u1_0.updated_at,u1_0.username from users u1_0 where upper(u1_0.email)=upper(?)
2026-03-25T14:41:19.660+02:00 DEBUG 12563 --- [http-nio-8081-exec-10] c.e.p.s.custom.CustomUserDetailsService  : Пользователь загружен успешно: andrey678a@gmail.com (email: db40fbe5-c5a4-4b6f-b04b-fc8b6df8706c, id: {})
2026-03-25T14:41:19.661+02:00  INFO 12563 --- [http-nio-8081-exec-10] c.e.project.log.DetailedLoggingAspect    : │ ✓ УСПЕШНО: CustomUserDetailsService.loadUserByUsername
2026-03-25T14:41:19.661+02:00  INFO 12563 --- [http-nio-8081-exec-10] c.e.project.log.DetailedLoggingAspect    : │ Результат: CustomUserDetails com.example.project.service.custom.CustomUserDetails@471947e5
2026-03-25T14:41:19.661+02:00  INFO 12563 --- [http-nio-8081-exec-10] c.e.project.log.DetailedLoggingAspect    : │ ⏱ Время: 8 мс
2026-03-25T14:41:19.661+02:00  INFO 12563 --- [http-nio-8081-exec-10] c.e.project.log.DetailedLoggingAspect    : └──▶ ВЫХОД: CustomUserDetailsService.loadUserByUsername
2026-03-25T14:41:19.661+02:00  INFO 12563 --- [http-nio-8081-exec-10] c.e.project.log.DetailedLoggingAspect    : ┌──▶ ВХОД: AuthRestController.me
2026-03-25T14:41:19.661+02:00  INFO 12563 --- [http-nio-8081-exec-10] c.e.project.log.DetailedLoggingAspect    : │ Параметры:
2026-03-25T14:41:19.661+02:00  INFO 12563 --- [http-nio-8081-exec-10] c.e.project.log.DetailedLoggingAspect    : │   • authentication = [PROTECTED]
2026-03-25T14:41:19.662+02:00 DEBUG 12563 --- [http-nio-8081-exec-10] org.hibernate.SQL                        : select u1_0.id,u1_0.is_active,u1_0.created_at,u1_0.email,u1_0.password,u1_0.reset_token,u1_0.reset_token_created_at,u1_0.role,u1_0.updated_at,u1_0.username from users u1_0 where u1_0.id=?
2026-03-25T14:41:19.664+02:00  INFO 12563 --- [http-nio-8081-exec-10] c.e.project.log.DetailedLoggingAspect    : │ ✓ УСПЕШНО: AuthRestController.me
2026-03-25T14:41:19.664+02:00  INFO 12563 --- [http-nio-8081-exec-10] c.e.project.log.DetailedLoggingAspect    : │ Результат: ResponseEntity [PROTECTED]
2026-03-25T14:41:19.664+02:00  INFO 12563 --- [http-nio-8081-exec-10] c.e.project.log.DetailedLoggingAspect    : │ ⏱ Время: 3 мс
2026-03-25T14:41:19.664+02:00  INFO 12563 --- [http-nio-8081-exec-10] c.e.project.log.DetailedLoggingAspect    : └──▶ ВЫХОД: AuthRestController.me
2026-03-25T14:47:16.420+02:00  INFO 12563 --- [http-nio-8081-exec-2] c.e.project.log.DetailedLoggingAspect    : ┌──▶ ВХОД: CustomUserDetailsService.loadUserByUsername
2026-03-25T14:47:16.420+02:00  INFO 12563 --- [http-nio-8081-exec-2] c.e.project.log.DetailedLoggingAspect    : │ Параметры:
2026-03-25T14:47:16.420+02:00  INFO 12563 --- [http-nio-8081-exec-2] c.e.project.log.DetailedLoggingAspect    : │   • identifier = andrey678a@gmail.com
2026-03-25T14:47:16.420+02:00 DEBUG 12563 --- [http-nio-8081-exec-2] c.e.p.s.custom.CustomUserDetailsService  : Попытка загрузить пользователя по identifier: andrey678a@gmail.com
2026-03-25T14:47:16.422+02:00 DEBUG 12563 --- [http-nio-8081-exec-2] org.hibernate.SQL                        : select u1_0.id,u1_0.is_active,u1_0.created_at,u1_0.email,u1_0.password,u1_0.reset_token,u1_0.reset_token_created_at,u1_0.role,u1_0.updated_at,u1_0.username from users u1_0 where upper(u1_0.email)=upper(?)
2026-03-25T14:47:16.427+02:00 DEBUG 12563 --- [http-nio-8081-exec-2] c.e.p.s.custom.CustomUserDetailsService  : Пользователь загружен успешно: andrey678a@gmail.com (email: db40fbe5-c5a4-4b6f-b04b-fc8b6df8706c, id: {})
2026-03-25T14:47:16.427+02:00  INFO 12563 --- [http-nio-8081-exec-2] c.e.project.log.DetailedLoggingAspect    : │ ✓ УСПЕШНО: CustomUserDetailsService.loadUserByUsername
2026-03-25T14:47:16.427+02:00  INFO 12563 --- [http-nio-8081-exec-2] c.e.project.log.DetailedLoggingAspect    : │ Результат: CustomUserDetails com.example.project.service.custom.CustomUserDetails@5bc0feac
2026-03-25T14:47:16.427+02:00  INFO 12563 --- [http-nio-8081-exec-2] c.e.project.log.DetailedLoggingAspect    : │ ⏱ Время: 7 мс
2026-03-25T14:47:16.427+02:00  INFO 12563 --- [http-nio-8081-exec-2] c.e.project.log.DetailedLoggingAspect    : └──▶ ВЫХОД: CustomUserDetailsService.loadUserByUsername
2026-03-25T14:47:16.428+02:00  INFO 12563 --- [http-nio-8081-exec-2] c.e.project.log.DetailedLoggingAspect    : ┌──▶ ВХОД: AuthRestController.me
2026-03-25T14:47:16.428+02:00  INFO 12563 --- [http-nio-8081-exec-2] c.e.project.log.DetailedLoggingAspect    : │ Параметры:
2026-03-25T14:47:16.428+02:00  INFO 12563 --- [http-nio-8081-exec-2] c.e.project.log.DetailedLoggingAspect    : │   • authentication = [PROTECTED]
2026-03-25T14:47:16.429+02:00 DEBUG 12563 --- [http-nio-8081-exec-2] org.hibernate.SQL                        : select u1_0.id,u1_0.is_active,u1_0.created_at,u1_0.email,u1_0.password,u1_0.reset_token,u1_0.reset_token_created_at,u1_0.role,u1_0.updated_at,u1_0.username from users u1_0 where u1_0.id=?
2026-03-25T14:47:16.430+02:00  INFO 12563 --- [http-nio-8081-exec-2] c.e.project.log.DetailedLoggingAspect    : │ ✓ УСПЕШНО: AuthRestController.me
2026-03-25T14:47:16.431+02:00  INFO 12563 --- [http-nio-8081-exec-2] c.e.project.log.DetailedLoggingAspect    : │ Результат: ResponseEntity [PROTECTED]
2026-03-25T14:47:16.431+02:00  INFO 12563 --- [http-nio-8081-exec-2] c.e.project.log.DetailedLoggingAspect    : │ ⏱ Время: 2 мс
2026-03-25T14:47:16.431+02:00  INFO 12563 --- [http-nio-8081-exec-2] c.e.project.log.DetailedLoggingAspect    : └──▶ ВЫХОД: AuthRestController.me
2026-03-25T15:01:12.492+02:00  INFO 12563 --- [SpringApplicationShutdownHook] j.LocalContainerEntityManagerFactoryBean : Closing JPA EntityManagerFactory for persistence unit 'default'
2026-03-25T15:01:12.495+02:00  INFO 12563 --- [SpringApplicationShutdownHook] com.zaxxer.hikari.HikariDataSource       : HikariPool-1 - Shutdown initiated...
2026-03-25T15:01:12.496+02:00  INFO 12563 --- [SpringApplicationShutdownHook] com.zaxxer.hikari.HikariDataSource       : HikariPool-1 - Shutdown completed.
2026-03-25T15:01:27.487+02:00  INFO 17882 --- [restartedMain] com.example.project.AuthApplication      : Starting AuthApplication using Java 21.0.7 with PID 17882 (/Users/andrshv/IdeaProjects/SmartGram-Auth-Service/target/classes started by andrshv in /Users/andrshv/IdeaProjects/SmartGram-Auth-Service)
2026-03-25T15:01:27.488+02:00 DEBUG 17882 --- [restartedMain] com.example.project.AuthApplication      : Running with Spring Boot v3.2.1, Spring v6.1.2
2026-03-25T15:01:27.488+02:00  INFO 17882 --- [restartedMain] com.example.project.AuthApplication      : No active profile set, falling back to 1 default profile: "default"
2026-03-25T15:01:27.503+02:00  INFO 17882 --- [restartedMain] .e.DevToolsPropertyDefaultsPostProcessor : Devtools property defaults active! Set 'spring.devtools.add-properties' to 'false' to disable
2026-03-25T15:01:27.503+02:00  INFO 17882 --- [restartedMain] .e.DevToolsPropertyDefaultsPostProcessor : For additional web related logging consider setting the 'logging.level.web' property to 'DEBUG'
2026-03-25T15:01:27.866+02:00  INFO 17882 --- [restartedMain] .s.d.r.c.RepositoryConfigurationDelegate : Bootstrapping Spring Data JPA repositories in DEFAULT mode.
2026-03-25T15:01:27.883+02:00  INFO 17882 --- [restartedMain] .s.d.r.c.RepositoryConfigurationDelegate : Finished Spring Data repository scanning in 15 ms. Found 1 JPA repository interface.
2026-03-25T15:01:28.256+02:00  INFO 17882 --- [restartedMain] o.s.b.w.embedded.tomcat.TomcatWebServer  : Tomcat initialized with port 8081 (http)
2026-03-25T15:01:28.261+02:00  INFO 17882 --- [restartedMain] o.apache.catalina.core.StandardService   : Starting service [Tomcat]
2026-03-25T15:01:28.261+02:00  INFO 17882 --- [restartedMain] o.apache.catalina.core.StandardEngine    : Starting Servlet engine: [Apache Tomcat/10.1.17]
2026-03-25T15:01:28.279+02:00  INFO 17882 --- [restartedMain] o.a.c.c.C.[Tomcat].[localhost].[/]       : Initializing Spring embedded WebApplicationContext
2026-03-25T15:01:28.279+02:00  INFO 17882 --- [restartedMain] w.s.c.ServletWebServerApplicationContext : Root WebApplicationContext: initialization completed in 776 ms
2026-03-25T15:01:28.458+02:00  INFO 17882 --- [restartedMain] o.hibernate.jpa.internal.util.LogHelper  : HHH000204: Processing PersistenceUnitInfo [name: default]
2026-03-25T15:01:28.476+02:00  INFO 17882 --- [restartedMain] org.hibernate.Version                    : HHH000412: Hibernate ORM core version 6.4.1.Final
2026-03-25T15:01:28.489+02:00  INFO 17882 --- [restartedMain] o.h.c.internal.RegionFactoryInitiator    : HHH000026: Second-level cache disabled
2026-03-25T15:01:28.548+02:00  INFO 17882 --- [restartedMain] o.s.o.j.p.SpringPersistenceUnitInfo      : No LoadTimeWeaver setup: ignoring JPA class transformer
2026-03-25T15:01:28.556+02:00  INFO 17882 --- [restartedMain] com.zaxxer.hikari.HikariDataSource       : HikariPool-1 - Starting...
2026-03-25T15:01:28.607+02:00  INFO 17882 --- [restartedMain] com.zaxxer.hikari.pool.HikariPool        : HikariPool-1 - Added connection com.mysql.cj.jdbc.ConnectionImpl@1a38f9ab
2026-03-25T15:01:28.608+02:00  INFO 17882 --- [restartedMain] com.zaxxer.hikari.HikariDataSource       : HikariPool-1 - Start completed.
2026-03-25T15:01:28.887+02:00  INFO 17882 --- [restartedMain] o.h.e.t.j.p.i.JtaPlatformInitiator       : HHH000489: No JTA platform available (set 'hibernate.transaction.jta.platform' to enable JTA platform integration)
2026-03-25T15:01:28.904+02:00  INFO 17882 --- [restartedMain] j.LocalContainerEntityManagerFactoryBean : Initialized JPA EntityManagerFactory for persistence unit 'default'
2026-03-25T15:01:29.363+02:00  WARN 17882 --- [restartedMain] JpaBaseConfiguration$JpaWebConfiguration : spring.jpa.open-in-view is enabled by default. Therefore, database queries may be performed during view rendering. Explicitly configure spring.jpa.open-in-view to disable this warning
2026-03-25T15:01:29.679+02:00  INFO 17882 --- [restartedMain] o.s.b.a.e.web.EndpointLinksResolver      : Exposing 2 endpoint(s) beneath base path '/actuator'
2026-03-25T15:01:29.741+02:00  INFO 17882 --- [restartedMain] o.s.s.web.DefaultSecurityFilterChain     : Will secure any request with [org.springframework.security.web.session.DisableEncodeUrlFilter@14ddeca2, org.springframework.security.web.context.request.async.WebAsyncManagerIntegrationFilter@47c5fe6, org.springframework.security.web.context.SecurityContextHolderFilter@5dad1958, org.springframework.security.web.header.HeaderWriterFilter@3a20dfb8, org.springframework.web.filter.CorsFilter@1c4d966f, org.springframework.security.web.authentication.logout.LogoutFilter@7f457bc7, org.springframework.security.oauth2.client.web.OAuth2AuthorizationRequestRedirectFilter@3496c263, org.springframework.security.oauth2.client.web.OAuth2LoginAuthenticationFilter@714ff64d, com.example.project.filters.JwtFilter@5ca4242d, org.springframework.security.web.authentication.UsernamePasswordAuthenticationFilter@146ddc01, org.springframework.security.web.savedrequest.RequestCacheAwareFilter@7607f82, org.springframework.security.web.servletapi.SecurityContextHolderAwareRequestFilter@515b08b7, org.springframework.security.web.authentication.AnonymousAuthenticationFilter@7aef2cce, org.springframework.security.web.session.SessionManagementFilter@175132d3, org.springframework.security.web.access.ExceptionTranslationFilter@5940ee1b, org.springframework.security.web.access.intercept.AuthorizationFilter@246a5eb8]
2026-03-25T15:01:30.172+02:00  INFO 17882 --- [restartedMain] o.s.b.d.a.OptionalLiveReloadServer       : LiveReload server is running on port 35729
2026-03-25T15:01:30.200+02:00  INFO 17882 --- [restartedMain] o.s.b.w.embedded.tomcat.TomcatWebServer  : Tomcat started on port 8081 (http) with context path ''
2026-03-25T15:01:30.206+02:00  INFO 17882 --- [restartedMain] com.example.project.AuthApplication      : Started AuthApplication in 2.851 seconds (process running for 3.035)
2026-03-25T15:04:46.902+02:00  INFO 17882 --- [http-nio-8081-exec-1] o.a.c.c.C.[Tomcat].[localhost].[/]       : Initializing Spring DispatcherServlet 'dispatcherServlet'
2026-03-25T15:04:46.903+02:00  INFO 17882 --- [http-nio-8081-exec-1] o.s.web.servlet.DispatcherServlet        : Initializing Servlet 'dispatcherServlet'
2026-03-25T15:04:46.904+02:00  INFO 17882 --- [http-nio-8081-exec-1] o.s.web.servlet.DispatcherServlet        : Completed initialization in 1 ms
2026-03-25T15:04:46.949+02:00  INFO 17882 --- [http-nio-8081-exec-1] c.e.project.log.DetailedLoggingAspect    : ┌──▶ ВХОД: CustomUserDetailsService.loadUserByUsername
2026-03-25T15:04:46.949+02:00  INFO 17882 --- [http-nio-8081-exec-1] c.e.project.log.DetailedLoggingAspect    : │ Параметры:
2026-03-25T15:04:46.949+02:00  INFO 17882 --- [http-nio-8081-exec-1] c.e.project.log.DetailedLoggingAspect    : │   • identifier = andrey678a@gmail.com
2026-03-25T15:04:46.950+02:00 DEBUG 17882 --- [http-nio-8081-exec-1] c.e.p.s.custom.CustomUserDetailsService  : Попытка загрузить пользователя по identifier: andrey678a@gmail.com
2026-03-25T15:04:47.001+02:00 DEBUG 17882 --- [http-nio-8081-exec-1] org.hibernate.SQL                        : select u1_0.id,u1_0.is_active,u1_0.created_at,u1_0.email,u1_0.password,u1_0.reset_token,u1_0.reset_token_created_at,u1_0.role,u1_0.updated_at,u1_0.username from users u1_0 where upper(u1_0.email)=upper(?)
2026-03-25T15:04:47.015+02:00 DEBUG 17882 --- [http-nio-8081-exec-1] c.e.p.s.custom.CustomUserDetailsService  : Пользователь загружен успешно: andrey678a@gmail.com (email: db40fbe5-c5a4-4b6f-b04b-fc8b6df8706c, id: {})
2026-03-25T15:04:47.015+02:00  INFO 17882 --- [http-nio-8081-exec-1] c.e.project.log.DetailedLoggingAspect    : │ ✓ УСПЕШНО: CustomUserDetailsService.loadUserByUsername
2026-03-25T15:04:47.015+02:00  INFO 17882 --- [http-nio-8081-exec-1] c.e.project.log.DetailedLoggingAspect    : │ Результат: CustomUserDetails com.example.project.service.custom.CustomUserDetails@3dbb6447
2026-03-25T15:04:47.015+02:00  INFO 17882 --- [http-nio-8081-exec-1] c.e.project.log.DetailedLoggingAspect    : │ ⏱ Время: 66 мс
2026-03-25T15:04:47.015+02:00  INFO 17882 --- [http-nio-8081-exec-1] c.e.project.log.DetailedLoggingAspect    : └──▶ ВЫХОД: CustomUserDetailsService.loadUserByUsername
2026-03-25T15:04:47.024+02:00  INFO 17882 --- [http-nio-8081-exec-1] c.e.project.log.DetailedLoggingAspect    : ┌──▶ ВХОД: AuthRestController.me
2026-03-25T15:04:47.024+02:00  INFO 17882 --- [http-nio-8081-exec-1] c.e.project.log.DetailedLoggingAspect    : │ Параметры:
2026-03-25T15:04:47.024+02:00  INFO 17882 --- [http-nio-8081-exec-1] c.e.project.log.DetailedLoggingAspect    : │   • authentication = [PROTECTED]
2026-03-25T15:04:47.031+02:00 DEBUG 17882 --- [http-nio-8081-exec-1] org.hibernate.SQL                        : select u1_0.id,u1_0.is_active,u1_0.created_at,u1_0.email,u1_0.password,u1_0.reset_token,u1_0.reset_token_created_at,u1_0.role,u1_0.updated_at,u1_0.username from users u1_0 where u1_0.id=?
2026-03-25T15:04:47.037+02:00  INFO 17882 --- [http-nio-8081-exec-1] c.e.project.log.DetailedLoggingAspect    : │ ✓ УСПЕШНО: AuthRestController.me
2026-03-25T15:04:47.037+02:00  INFO 17882 --- [http-nio-8081-exec-1] c.e.project.log.DetailedLoggingAspect    : │ Результат: ResponseEntity [PROTECTED]
2026-03-25T15:04:47.037+02:00  INFO 17882 --- [http-nio-8081-exec-1] c.e.project.log.DetailedLoggingAspect    : │ ⏱ Время: 14 мс
2026-03-25T15:04:47.037+02:00  INFO 17882 --- [http-nio-8081-exec-1] c.e.project.log.DetailedLoggingAspect    : └──▶ ВЫХОД: AuthRestController.me
2026-03-25T15:05:45.518+02:00  INFO 17882 --- [SpringApplicationShutdownHook] j.LocalContainerEntityManagerFactoryBean : Closing JPA EntityManagerFactory for persistence unit 'default'
2026-03-25T15:05:45.520+02:00  INFO 17882 --- [SpringApplicationShutdownHook] com.zaxxer.hikari.HikariDataSource       : HikariPool-1 - Shutdown initiated...
2026-03-25T15:05:45.522+02:00  INFO 17882 --- [SpringApplicationShutdownHook] com.zaxxer.hikari.HikariDataSource       : HikariPool-1 - Shutdown completed.
2026-03-25T17:50:29.255+02:00  INFO 19012 --- [restartedMain] com.example.project.AuthApplication      : Starting AuthApplication using Java 21.0.7 with PID 19012 (/Users/andrshv/IdeaProjects/SmartGram-Auth-Service/target/classes started by andrshv in /Users/andrshv/IdeaProjects/SmartGram-Auth-Service)
2026-03-25T17:50:29.256+02:00 DEBUG 19012 --- [restartedMain] com.example.project.AuthApplication      : Running with Spring Boot v3.2.1, Spring v6.1.2
2026-03-25T17:50:29.256+02:00  INFO 19012 --- [restartedMain] com.example.project.AuthApplication      : No active profile set, falling back to 1 default profile: "default"
2026-03-25T17:50:29.273+02:00  INFO 19012 --- [restartedMain] .e.DevToolsPropertyDefaultsPostProcessor : Devtools property defaults active! Set 'spring.devtools.add-properties' to 'false' to disable
2026-03-25T17:50:29.273+02:00  INFO 19012 --- [restartedMain] .e.DevToolsPropertyDefaultsPostProcessor : For additional web related logging consider setting the 'logging.level.web' property to 'DEBUG'
2026-03-25T17:50:29.661+02:00  INFO 19012 --- [restartedMain] .s.d.r.c.RepositoryConfigurationDelegate : Bootstrapping Spring Data JPA repositories in DEFAULT mode.
2026-03-25T17:50:29.683+02:00  INFO 19012 --- [restartedMain] .s.d.r.c.RepositoryConfigurationDelegate : Finished Spring Data repository scanning in 19 ms. Found 1 JPA repository interface.
2026-03-25T17:50:30.059+02:00  INFO 19012 --- [restartedMain] o.s.b.w.embedded.tomcat.TomcatWebServer  : Tomcat initialized with port 8081 (http)
2026-03-25T17:50:30.065+02:00  INFO 19012 --- [restartedMain] o.apache.catalina.core.StandardService   : Starting service [Tomcat]
2026-03-25T17:50:30.065+02:00  INFO 19012 --- [restartedMain] o.apache.catalina.core.StandardEngine    : Starting Servlet engine: [Apache Tomcat/10.1.17]
2026-03-25T17:50:30.079+02:00  INFO 19012 --- [restartedMain] o.a.c.c.C.[Tomcat].[localhost].[/]       : Initializing Spring embedded WebApplicationContext
2026-03-25T17:50:30.080+02:00  INFO 19012 --- [restartedMain] w.s.c.ServletWebServerApplicationContext : Root WebApplicationContext: initialization completed in 806 ms
2026-03-25T17:50:30.285+02:00  INFO 19012 --- [restartedMain] o.hibernate.jpa.internal.util.LogHelper  : HHH000204: Processing PersistenceUnitInfo [name: default]
2026-03-25T17:50:30.307+02:00  INFO 19012 --- [restartedMain] org.hibernate.Version                    : HHH000412: Hibernate ORM core version 6.4.1.Final
2026-03-25T17:50:30.318+02:00  INFO 19012 --- [restartedMain] o.h.c.internal.RegionFactoryInitiator    : HHH000026: Second-level cache disabled
2026-03-25T17:50:30.382+02:00  INFO 19012 --- [restartedMain] o.s.o.j.p.SpringPersistenceUnitInfo      : No LoadTimeWeaver setup: ignoring JPA class transformer
2026-03-25T17:50:30.390+02:00  INFO 19012 --- [restartedMain] com.zaxxer.hikari.HikariDataSource       : HikariPool-1 - Starting...
2026-03-25T17:50:30.453+02:00  INFO 19012 --- [restartedMain] com.zaxxer.hikari.pool.HikariPool        : HikariPool-1 - Added connection com.mysql.cj.jdbc.ConnectionImpl@54477b16
2026-03-25T17:50:30.456+02:00  INFO 19012 --- [restartedMain] com.zaxxer.hikari.HikariDataSource       : HikariPool-1 - Start completed.
2026-03-25T17:50:30.754+02:00  INFO 19012 --- [restartedMain] o.h.e.t.j.p.i.JtaPlatformInitiator       : HHH000489: No JTA platform available (set 'hibernate.transaction.jta.platform' to enable JTA platform integration)
2026-03-25T17:50:30.773+02:00  INFO 19012 --- [restartedMain] j.LocalContainerEntityManagerFactoryBean : Initialized JPA EntityManagerFactory for persistence unit 'default'
2026-03-25T17:50:31.246+02:00  WARN 19012 --- [restartedMain] JpaBaseConfiguration$JpaWebConfiguration : spring.jpa.open-in-view is enabled by default. Therefore, database queries may be performed during view rendering. Explicitly configure spring.jpa.open-in-view to disable this warning
2026-03-25T17:50:31.554+02:00  INFO 19012 --- [restartedMain] o.s.b.a.e.web.EndpointLinksResolver      : Exposing 2 endpoint(s) beneath base path '/actuator'
2026-03-25T17:50:31.615+02:00  INFO 19012 --- [restartedMain] o.s.s.web.DefaultSecurityFilterChain     : Will secure any request with [org.springframework.security.web.session.DisableEncodeUrlFilter@4ba5cfe8, org.springframework.security.web.context.request.async.WebAsyncManagerIntegrationFilter@1fc0f826, org.springframework.security.web.context.SecurityContextHolderFilter@503bef7f, org.springframework.security.web.header.HeaderWriterFilter@48c9c0b6, org.springframework.web.filter.CorsFilter@7b9ceea2, org.springframework.security.web.authentication.logout.LogoutFilter@4abef276, org.springframework.security.oauth2.client.web.OAuth2AuthorizationRequestRedirectFilter@405640bd, org.springframework.security.oauth2.client.web.OAuth2LoginAuthenticationFilter@3b6e7367, com.example.project.filters.JwtFilter@6a51f901, org.springframework.security.web.authentication.UsernamePasswordAuthenticationFilter@447e31b0, org.springframework.security.web.savedrequest.RequestCacheAwareFilter@427fbe59, org.springframework.security.web.servletapi.SecurityContextHolderAwareRequestFilter@f4ab6fb, org.springframework.security.web.authentication.AnonymousAuthenticationFilter@52d2dd46, org.springframework.security.web.session.SessionManagementFilter@4bfac3f, org.springframework.security.web.access.ExceptionTranslationFilter@1bd53b7f, org.springframework.security.web.access.intercept.AuthorizationFilter@6e454c8f]
2026-03-25T17:50:32.039+02:00  INFO 19012 --- [restartedMain] o.s.b.d.a.OptionalLiveReloadServer       : LiveReload server is running on port 35729
2026-03-25T17:50:32.068+02:00  INFO 19012 --- [restartedMain] o.s.b.w.embedded.tomcat.TomcatWebServer  : Tomcat started on port 8081 (http) with context path ''
2026-03-25T17:50:32.075+02:00  INFO 19012 --- [restartedMain] com.example.project.AuthApplication      : Started AuthApplication in 2.951 seconds (process running for 3.162)
2026-03-25T17:52:20.951+02:00  INFO 19012 --- [http-nio-8081-exec-1] o.a.c.c.C.[Tomcat].[localhost].[/]       : Initializing Spring DispatcherServlet 'dispatcherServlet'
2026-03-25T17:52:20.951+02:00  INFO 19012 --- [http-nio-8081-exec-1] o.s.web.servlet.DispatcherServlet        : Initializing Servlet 'dispatcherServlet'
2026-03-25T17:52:20.953+02:00  INFO 19012 --- [http-nio-8081-exec-1] o.s.web.servlet.DispatcherServlet        : Completed initialization in 2 ms
2026-03-25T17:52:20.967+02:00 DEBUG 19012 --- [http-nio-8081-exec-1] o.s.s.w.a.AnonymousAuthenticationFilter  : Set SecurityContextHolder to anonymous SecurityContext
2026-03-25T17:52:21.023+02:00  INFO 19012 --- [http-nio-8081-exec-1] c.e.project.log.DetailedLoggingAspect    : ┌──▶ ВХОД: AuthRestController.login
2026-03-25T17:52:21.023+02:00  INFO 19012 --- [http-nio-8081-exec-1] c.e.project.log.DetailedLoggingAspect    : │ Параметры:
2026-03-25T17:52:21.023+02:00  INFO 19012 --- [http-nio-8081-exec-1] c.e.project.log.DetailedLoggingAspect    : │   • dto = [PROTECTED]
2026-03-25T17:52:21.023+02:00  INFO 19012 --- [http-nio-8081-exec-1] c.e.project.log.DetailedLoggingAspect    :   ┌──▶ ВХОД: AuthServiceImpl.loginUser
2026-03-25T17:52:21.023+02:00  INFO 19012 --- [http-nio-8081-exec-1] c.e.project.log.DetailedLoggingAspect    :   │ Параметры:
2026-03-25T17:52:21.023+02:00  INFO 19012 --- [http-nio-8081-exec-1] c.e.project.log.DetailedLoggingAspect    :   │   • dto = [PROTECTED]
2026-03-25T17:52:21.024+02:00  INFO 19012 --- [http-nio-8081-exec-1] c.e.project.service.AuthServiceImpl      : Попытка входа: andrey678a@gmail.com
2026-03-25T17:52:21.064+02:00 DEBUG 19012 --- [http-nio-8081-exec-1] org.hibernate.SQL                        : select u1_0.id,u1_0.is_active,u1_0.created_at,u1_0.email,u1_0.password,u1_0.reset_token,u1_0.reset_token_created_at,u1_0.role,u1_0.updated_at,u1_0.username from users u1_0 where u1_0.email=?
2026-03-25T17:52:21.172+02:00  INFO 19012 --- [http-nio-8081-exec-1] c.e.project.log.DetailedLoggingAspect    :   │ ✓ УСПЕШНО: AuthServiceImpl.loginUser
2026-03-25T17:52:21.172+02:00  INFO 19012 --- [http-nio-8081-exec-1] c.e.project.log.DetailedLoggingAspect    :   │ Результат: UserResponseDTO [PROTECTED]
2026-03-25T17:52:21.172+02:00  INFO 19012 --- [http-nio-8081-exec-1] c.e.project.log.DetailedLoggingAspect    :   │ ⏱ Время: 149 мс
2026-03-25T17:52:21.172+02:00  INFO 19012 --- [http-nio-8081-exec-1] c.e.project.log.DetailedLoggingAspect    :   └──▶ ВЫХОД: AuthServiceImpl.loginUser
2026-03-25T17:52:21.173+02:00  INFO 19012 --- [http-nio-8081-exec-1] c.e.project.log.DetailedLoggingAspect    : │ ✓ УСПЕШНО: AuthRestController.login
2026-03-25T17:52:21.174+02:00  INFO 19012 --- [http-nio-8081-exec-1] c.e.project.log.DetailedLoggingAspect    : │ Результат: ResponseEntity [PROTECTED]
2026-03-25T17:52:21.174+02:00  INFO 19012 --- [http-nio-8081-exec-1] c.e.project.log.DetailedLoggingAspect    : │ ⏱ Время: 150 мс
2026-03-25T17:52:21.174+02:00  INFO 19012 --- [http-nio-8081-exec-1] c.e.project.log.DetailedLoggingAspect    : └──▶ ВЫХОД: AuthRestController.login
2026-03-25T17:52:32.275+02:00  INFO 19012 --- [http-nio-8081-exec-3] c.e.project.log.DetailedLoggingAspect    : ┌──▶ ВХОД: CustomUserDetailsService.loadUserByUsername
2026-03-25T17:52:32.275+02:00  INFO 19012 --- [http-nio-8081-exec-3] c.e.project.log.DetailedLoggingAspect    : │ Параметры:
2026-03-25T17:52:32.275+02:00  INFO 19012 --- [http-nio-8081-exec-3] c.e.project.log.DetailedLoggingAspect    : │   • identifier = andrey678a@gmail.com
2026-03-25T17:52:32.275+02:00 DEBUG 19012 --- [http-nio-8081-exec-3] c.e.p.s.custom.CustomUserDetailsService  : Попытка загрузить пользователя по identifier: andrey678a@gmail.com
2026-03-25T17:52:32.290+02:00 DEBUG 19012 --- [http-nio-8081-exec-3] org.hibernate.SQL                        : select u1_0.id,u1_0.is_active,u1_0.created_at,u1_0.email,u1_0.password,u1_0.reset_token,u1_0.reset_token_created_at,u1_0.role,u1_0.updated_at,u1_0.username from users u1_0 where upper(u1_0.email)=upper(?)
2026-03-25T17:52:32.306+02:00 DEBUG 19012 --- [http-nio-8081-exec-3] c.e.p.s.custom.CustomUserDetailsService  : Пользователь загружен успешно: andrey678a@gmail.com (email: db40fbe5-c5a4-4b6f-b04b-fc8b6df8706c, id: {})
2026-03-25T17:52:32.307+02:00  INFO 19012 --- [http-nio-8081-exec-3] c.e.project.log.DetailedLoggingAspect    : │ ✓ УСПЕШНО: CustomUserDetailsService.loadUserByUsername
2026-03-25T17:52:32.307+02:00  INFO 19012 --- [http-nio-8081-exec-3] c.e.project.log.DetailedLoggingAspect    : │ Результат: CustomUserDetails com.example.project.service.custom.CustomUserDetails@2d062b56
2026-03-25T17:52:32.307+02:00  INFO 19012 --- [http-nio-8081-exec-3] c.e.project.log.DetailedLoggingAspect    : │ ⏱ Время: 32 мс
2026-03-25T17:52:32.307+02:00  INFO 19012 --- [http-nio-8081-exec-3] c.e.project.log.DetailedLoggingAspect    : └──▶ ВЫХОД: CustomUserDetailsService.loadUserByUsername
2026-03-25T17:52:32.308+02:00  INFO 19012 --- [http-nio-8081-exec-3] c.e.project.log.DetailedLoggingAspect    : ┌──▶ ВХОД: AuthRestController.me
2026-03-25T17:52:32.308+02:00  INFO 19012 --- [http-nio-8081-exec-3] c.e.project.log.DetailedLoggingAspect    : │ Параметры:
2026-03-25T17:52:32.308+02:00  INFO 19012 --- [http-nio-8081-exec-3] c.e.project.log.DetailedLoggingAspect    : │   • authentication = [PROTECTED]
2026-03-25T17:52:32.315+02:00 DEBUG 19012 --- [http-nio-8081-exec-3] org.hibernate.SQL                        : select u1_0.id,u1_0.is_active,u1_0.created_at,u1_0.email,u1_0.password,u1_0.reset_token,u1_0.reset_token_created_at,u1_0.role,u1_0.updated_at,u1_0.username from users u1_0 where u1_0.id=?
2026-03-25T17:52:32.318+02:00  INFO 19012 --- [http-nio-8081-exec-3] c.e.project.log.DetailedLoggingAspect    : │ ✓ УСПЕШНО: AuthRestController.me
2026-03-25T17:52:32.318+02:00  INFO 19012 --- [http-nio-8081-exec-3] c.e.project.log.DetailedLoggingAspect    : │ Результат: ResponseEntity [PROTECTED]
2026-03-25T17:52:32.318+02:00  INFO 19012 --- [http-nio-8081-exec-3] c.e.project.log.DetailedLoggingAspect    : │ ⏱ Время: 10 мс
2026-03-25T17:52:32.318+02:00  INFO 19012 --- [http-nio-8081-exec-3] c.e.project.log.DetailedLoggingAspect    : └──▶ ВЫХОД: AuthRestController.me
2026-03-25T17:55:24.135+02:00  INFO 19012 --- [http-nio-8081-exec-6] c.e.project.log.DetailedLoggingAspect    : ┌──▶ ВХОД: CustomUserDetailsService.loadUserByUsername
2026-03-25T17:55:24.135+02:00  INFO 19012 --- [http-nio-8081-exec-6] c.e.project.log.DetailedLoggingAspect    : │ Параметры:
2026-03-25T17:55:24.135+02:00  INFO 19012 --- [http-nio-8081-exec-6] c.e.project.log.DetailedLoggingAspect    : │   • identifier = andrey678a@gmail.com
2026-03-25T17:55:24.135+02:00 DEBUG 19012 --- [http-nio-8081-exec-6] c.e.p.s.custom.CustomUserDetailsService  : Попытка загрузить пользователя по identifier: andrey678a@gmail.com
2026-03-25T17:55:24.136+02:00 DEBUG 19012 --- [http-nio-8081-exec-6] org.hibernate.SQL                        : select u1_0.id,u1_0.is_active,u1_0.created_at,u1_0.email,u1_0.password,u1_0.reset_token,u1_0.reset_token_created_at,u1_0.role,u1_0.updated_at,u1_0.username from users u1_0 where upper(u1_0.email)=upper(?)
2026-03-25T17:55:24.143+02:00 DEBUG 19012 --- [http-nio-8081-exec-6] c.e.p.s.custom.CustomUserDetailsService  : Пользователь загружен успешно: andrey678a@gmail.com (email: db40fbe5-c5a4-4b6f-b04b-fc8b6df8706c, id: {})
2026-03-25T17:55:24.143+02:00  INFO 19012 --- [http-nio-8081-exec-6] c.e.project.log.DetailedLoggingAspect    : │ ✓ УСПЕШНО: CustomUserDetailsService.loadUserByUsername
2026-03-25T17:55:24.143+02:00  INFO 19012 --- [http-nio-8081-exec-6] c.e.project.log.DetailedLoggingAspect    : │ Результат: CustomUserDetails com.example.project.service.custom.CustomUserDetails@143f3e7b
2026-03-25T17:55:24.143+02:00  INFO 19012 --- [http-nio-8081-exec-6] c.e.project.log.DetailedLoggingAspect    : │ ⏱ Время: 8 мс
2026-03-25T17:55:24.143+02:00  INFO 19012 --- [http-nio-8081-exec-6] c.e.project.log.DetailedLoggingAspect    : └──▶ ВЫХОД: CustomUserDetailsService.loadUserByUsername
2026-03-25T17:55:24.143+02:00  INFO 19012 --- [http-nio-8081-exec-6] c.e.project.log.DetailedLoggingAspect    : ┌──▶ ВХОД: AuthRestController.me
2026-03-25T17:55:24.143+02:00  INFO 19012 --- [http-nio-8081-exec-6] c.e.project.log.DetailedLoggingAspect    : │ Параметры:
2026-03-25T17:55:24.143+02:00  INFO 19012 --- [http-nio-8081-exec-6] c.e.project.log.DetailedLoggingAspect    : │   • authentication = [PROTECTED]
2026-03-25T17:55:24.144+02:00 DEBUG 19012 --- [http-nio-8081-exec-6] org.hibernate.SQL                        : select u1_0.id,u1_0.is_active,u1_0.created_at,u1_0.email,u1_0.password,u1_0.reset_token,u1_0.reset_token_created_at,u1_0.role,u1_0.updated_at,u1_0.username from users u1_0 where u1_0.id=?
2026-03-25T17:55:24.147+02:00  INFO 19012 --- [http-nio-8081-exec-6] c.e.project.log.DetailedLoggingAspect    : │ ✓ УСПЕШНО: AuthRestController.me
2026-03-25T17:55:24.147+02:00  INFO 19012 --- [http-nio-8081-exec-6] c.e.project.log.DetailedLoggingAspect    : │ Результат: ResponseEntity [PROTECTED]
2026-03-25T17:55:24.147+02:00  INFO 19012 --- [http-nio-8081-exec-6] c.e.project.log.DetailedLoggingAspect    : │ ⏱ Время: 4 мс
2026-03-25T17:55:24.147+02:00  INFO 19012 --- [http-nio-8081-exec-6] c.e.project.log.DetailedLoggingAspect    : └──▶ ВЫХОД: AuthRestController.me
2026-03-25T17:57:32.433+02:00  INFO 19012 --- [http-nio-8081-exec-8] c.e.project.log.DetailedLoggingAspect    : ┌──▶ ВХОД: CustomUserDetailsService.loadUserByUsername
2026-03-25T17:57:32.433+02:00  INFO 19012 --- [http-nio-8081-exec-8] c.e.project.log.DetailedLoggingAspect    : │ Параметры:
2026-03-25T17:57:32.433+02:00  INFO 19012 --- [http-nio-8081-exec-8] c.e.project.log.DetailedLoggingAspect    : │   • identifier = andrey678a@gmail.com
2026-03-25T17:57:32.433+02:00 DEBUG 19012 --- [http-nio-8081-exec-8] c.e.p.s.custom.CustomUserDetailsService  : Попытка загрузить пользователя по identifier: andrey678a@gmail.com
2026-03-25T17:57:32.434+02:00 DEBUG 19012 --- [http-nio-8081-exec-8] org.hibernate.SQL                        : select u1_0.id,u1_0.is_active,u1_0.created_at,u1_0.email,u1_0.password,u1_0.reset_token,u1_0.reset_token_created_at,u1_0.role,u1_0.updated_at,u1_0.username from users u1_0 where upper(u1_0.email)=upper(?)
2026-03-25T17:57:32.441+02:00 DEBUG 19012 --- [http-nio-8081-exec-8] c.e.p.s.custom.CustomUserDetailsService  : Пользователь загружен успешно: andrey678a@gmail.com (email: db40fbe5-c5a4-4b6f-b04b-fc8b6df8706c, id: {})
2026-03-25T17:57:32.441+02:00  INFO 19012 --- [http-nio-8081-exec-8] c.e.project.log.DetailedLoggingAspect    : │ ✓ УСПЕШНО: CustomUserDetailsService.loadUserByUsername
2026-03-25T17:57:32.441+02:00  INFO 19012 --- [http-nio-8081-exec-8] c.e.project.log.DetailedLoggingAspect    : │ Результат: CustomUserDetails com.example.project.service.custom.CustomUserDetails@363605c
2026-03-25T17:57:32.441+02:00  INFO 19012 --- [http-nio-8081-exec-8] c.e.project.log.DetailedLoggingAspect    : │ ⏱ Время: 8 мс
2026-03-25T17:57:32.441+02:00  INFO 19012 --- [http-nio-8081-exec-8] c.e.project.log.DetailedLoggingAspect    : └──▶ ВЫХОД: CustomUserDetailsService.loadUserByUsername
2026-03-25T17:57:32.441+02:00  INFO 19012 --- [http-nio-8081-exec-8] c.e.project.log.DetailedLoggingAspect    : ┌──▶ ВХОД: AuthRestController.me
2026-03-25T17:57:32.442+02:00  INFO 19012 --- [http-nio-8081-exec-8] c.e.project.log.DetailedLoggingAspect    : │ Параметры:
2026-03-25T17:57:32.442+02:00  INFO 19012 --- [http-nio-8081-exec-8] c.e.project.log.DetailedLoggingAspect    : │   • authentication = [PROTECTED]
2026-03-25T17:57:32.443+02:00 DEBUG 19012 --- [http-nio-8081-exec-8] org.hibernate.SQL                        : select u1_0.id,u1_0.is_active,u1_0.created_at,u1_0.email,u1_0.password,u1_0.reset_token,u1_0.reset_token_created_at,u1_0.role,u1_0.updated_at,u1_0.username from users u1_0 where u1_0.id=?
2026-03-25T17:57:32.445+02:00  INFO 19012 --- [http-nio-8081-exec-8] c.e.project.log.DetailedLoggingAspect    : │ ✓ УСПЕШНО: AuthRestController.me
2026-03-25T17:57:32.445+02:00  INFO 19012 --- [http-nio-8081-exec-8] c.e.project.log.DetailedLoggingAspect    : │ Результат: ResponseEntity [PROTECTED]
2026-03-25T17:57:32.445+02:00  INFO 19012 --- [http-nio-8081-exec-8] c.e.project.log.DetailedLoggingAspect    : │ ⏱ Время: 4 мс
2026-03-25T17:57:32.445+02:00  INFO 19012 --- [http-nio-8081-exec-8] c.e.project.log.DetailedLoggingAspect    : └──▶ ВЫХОД: AuthRestController.me
2026-03-25T17:58:45.323+02:00  INFO 19012 --- [http-nio-8081-exec-10] c.e.project.log.DetailedLoggingAspect    : ┌──▶ ВХОД: CustomUserDetailsService.loadUserByUsername
2026-03-25T17:58:45.323+02:00  INFO 19012 --- [http-nio-8081-exec-10] c.e.project.log.DetailedLoggingAspect    : │ Параметры:
2026-03-25T17:58:45.323+02:00  INFO 19012 --- [http-nio-8081-exec-10] c.e.project.log.DetailedLoggingAspect    : │   • identifier = andrey678a@gmail.com
2026-03-25T17:58:45.323+02:00 DEBUG 19012 --- [http-nio-8081-exec-10] c.e.p.s.custom.CustomUserDetailsService  : Попытка загрузить пользователя по identifier: andrey678a@gmail.com
2026-03-25T17:58:45.324+02:00 DEBUG 19012 --- [http-nio-8081-exec-10] org.hibernate.SQL                        : select u1_0.id,u1_0.is_active,u1_0.created_at,u1_0.email,u1_0.password,u1_0.reset_token,u1_0.reset_token_created_at,u1_0.role,u1_0.updated_at,u1_0.username from users u1_0 where upper(u1_0.email)=upper(?)
2026-03-25T17:58:45.329+02:00 DEBUG 19012 --- [http-nio-8081-exec-10] c.e.p.s.custom.CustomUserDetailsService  : Пользователь загружен успешно: andrey678a@gmail.com (email: db40fbe5-c5a4-4b6f-b04b-fc8b6df8706c, id: {})
2026-03-25T17:58:45.330+02:00  INFO 19012 --- [http-nio-8081-exec-10] c.e.project.log.DetailedLoggingAspect    : │ ✓ УСПЕШНО: CustomUserDetailsService.loadUserByUsername
2026-03-25T17:58:45.330+02:00  INFO 19012 --- [http-nio-8081-exec-10] c.e.project.log.DetailedLoggingAspect    : │ Результат: CustomUserDetails com.example.project.service.custom.CustomUserDetails@11fbde1d
2026-03-25T17:58:45.330+02:00  INFO 19012 --- [http-nio-8081-exec-10] c.e.project.log.DetailedLoggingAspect    : │ ⏱ Время: 7 мс
2026-03-25T17:58:45.330+02:00  INFO 19012 --- [http-nio-8081-exec-10] c.e.project.log.DetailedLoggingAspect    : └──▶ ВЫХОД: CustomUserDetailsService.loadUserByUsername
2026-03-25T17:58:45.330+02:00  INFO 19012 --- [http-nio-8081-exec-10] c.e.project.log.DetailedLoggingAspect    : ┌──▶ ВХОД: AuthRestController.me
2026-03-25T17:58:45.330+02:00  INFO 19012 --- [http-nio-8081-exec-10] c.e.project.log.DetailedLoggingAspect    : │ Параметры:
2026-03-25T17:58:45.330+02:00  INFO 19012 --- [http-nio-8081-exec-10] c.e.project.log.DetailedLoggingAspect    : │   • authentication = [PROTECTED]
2026-03-25T17:58:45.331+02:00 DEBUG 19012 --- [http-nio-8081-exec-10] org.hibernate.SQL                        : select u1_0.id,u1_0.is_active,u1_0.created_at,u1_0.email,u1_0.password,u1_0.reset_token,u1_0.reset_token_created_at,u1_0.role,u1_0.updated_at,u1_0.username from users u1_0 where u1_0.id=?
2026-03-25T17:58:45.332+02:00  INFO 19012 --- [http-nio-8081-exec-10] c.e.project.log.DetailedLoggingAspect    : │ ✓ УСПЕШНО: AuthRestController.me
2026-03-25T17:58:45.333+02:00  INFO 19012 --- [http-nio-8081-exec-10] c.e.project.log.DetailedLoggingAspect    : │ Результат: ResponseEntity [PROTECTED]
2026-03-25T17:58:45.333+02:00  INFO 19012 --- [http-nio-8081-exec-10] c.e.project.log.DetailedLoggingAspect    : │ ⏱ Время: 2 мс
2026-03-25T17:58:45.333+02:00  INFO 19012 --- [http-nio-8081-exec-10] c.e.project.log.DetailedLoggingAspect    : └──▶ ВЫХОД: AuthRestController.me
2026-03-25T18:00:51.737+02:00  INFO 19012 --- [SpringApplicationShutdownHook] j.LocalContainerEntityManagerFactoryBean : Closing JPA EntityManagerFactory for persistence unit 'default'
2026-03-25T18:00:51.738+02:00  INFO 19012 --- [SpringApplicationShutdownHook] com.zaxxer.hikari.HikariDataSource       : HikariPool-1 - Shutdown initiated...
2026-03-25T18:00:51.739+02:00  INFO 19012 --- [SpringApplicationShutdownHook] com.zaxxer.hikari.HikariDataSource       : HikariPool-1 - Shutdown completed.
2026-03-25T19:00:20.870+02:00  INFO 20568 --- [restartedMain] com.example.project.AuthApplication      : Starting AuthApplication using Java 21.0.7 with PID 20568 (/Users/andrshv/IdeaProjects/SmartGram-Auth-Service/target/classes started by andrshv in /Users/andrshv/IdeaProjects/SmartGram-Auth-Service)
2026-03-25T19:00:20.870+02:00 DEBUG 20568 --- [restartedMain] com.example.project.AuthApplication      : Running with Spring Boot v3.2.1, Spring v6.1.2
2026-03-25T19:00:20.871+02:00  INFO 20568 --- [restartedMain] com.example.project.AuthApplication      : No active profile set, falling back to 1 default profile: "default"
2026-03-25T19:00:20.886+02:00  INFO 20568 --- [restartedMain] .e.DevToolsPropertyDefaultsPostProcessor : Devtools property defaults active! Set 'spring.devtools.add-properties' to 'false' to disable
2026-03-25T19:00:20.886+02:00  INFO 20568 --- [restartedMain] .e.DevToolsPropertyDefaultsPostProcessor : For additional web related logging consider setting the 'logging.level.web' property to 'DEBUG'
2026-03-25T19:00:21.269+02:00  INFO 20568 --- [restartedMain] .s.d.r.c.RepositoryConfigurationDelegate : Bootstrapping Spring Data JPA repositories in DEFAULT mode.
2026-03-25T19:00:21.287+02:00  INFO 20568 --- [restartedMain] .s.d.r.c.RepositoryConfigurationDelegate : Finished Spring Data repository scanning in 15 ms. Found 1 JPA repository interface.
2026-03-25T19:00:21.668+02:00  INFO 20568 --- [restartedMain] o.s.b.w.embedded.tomcat.TomcatWebServer  : Tomcat initialized with port 8081 (http)
2026-03-25T19:00:21.673+02:00  INFO 20568 --- [restartedMain] o.apache.catalina.core.StandardService   : Starting service [Tomcat]
2026-03-25T19:00:21.673+02:00  INFO 20568 --- [restartedMain] o.apache.catalina.core.StandardEngine    : Starting Servlet engine: [Apache Tomcat/10.1.17]
2026-03-25T19:00:21.691+02:00  INFO 20568 --- [restartedMain] o.a.c.c.C.[Tomcat].[localhost].[/]       : Initializing Spring embedded WebApplicationContext
2026-03-25T19:00:21.692+02:00  INFO 20568 --- [restartedMain] w.s.c.ServletWebServerApplicationContext : Root WebApplicationContext: initialization completed in 806 ms
2026-03-25T19:00:21.869+02:00  INFO 20568 --- [restartedMain] o.hibernate.jpa.internal.util.LogHelper  : HHH000204: Processing PersistenceUnitInfo [name: default]
2026-03-25T19:00:21.887+02:00  INFO 20568 --- [restartedMain] org.hibernate.Version                    : HHH000412: Hibernate ORM core version 6.4.1.Final
2026-03-25T19:00:21.900+02:00  INFO 20568 --- [restartedMain] o.h.c.internal.RegionFactoryInitiator    : HHH000026: Second-level cache disabled
2026-03-25T19:00:21.959+02:00  INFO 20568 --- [restartedMain] o.s.o.j.p.SpringPersistenceUnitInfo      : No LoadTimeWeaver setup: ignoring JPA class transformer
2026-03-25T19:00:21.966+02:00  INFO 20568 --- [restartedMain] com.zaxxer.hikari.HikariDataSource       : HikariPool-1 - Starting...
2026-03-25T19:00:22.024+02:00  INFO 20568 --- [restartedMain] com.zaxxer.hikari.pool.HikariPool        : HikariPool-1 - Added connection com.mysql.cj.jdbc.ConnectionImpl@112cdf99
2026-03-25T19:00:22.025+02:00  INFO 20568 --- [restartedMain] com.zaxxer.hikari.HikariDataSource       : HikariPool-1 - Start completed.
2026-03-25T19:00:22.307+02:00  INFO 20568 --- [restartedMain] o.h.e.t.j.p.i.JtaPlatformInitiator       : HHH000489: No JTA platform available (set 'hibernate.transaction.jta.platform' to enable JTA platform integration)
2026-03-25T19:00:22.326+02:00  INFO 20568 --- [restartedMain] j.LocalContainerEntityManagerFactoryBean : Initialized JPA EntityManagerFactory for persistence unit 'default'
2026-03-25T19:00:22.801+02:00  WARN 20568 --- [restartedMain] JpaBaseConfiguration$JpaWebConfiguration : spring.jpa.open-in-view is enabled by default. Therefore, database queries may be performed during view rendering. Explicitly configure spring.jpa.open-in-view to disable this warning
2026-03-25T19:00:23.112+02:00  INFO 20568 --- [restartedMain] o.s.b.a.e.web.EndpointLinksResolver      : Exposing 2 endpoint(s) beneath base path '/actuator'
2026-03-25T19:00:23.173+02:00  INFO 20568 --- [restartedMain] o.s.s.web.DefaultSecurityFilterChain     : Will secure any request with [org.springframework.security.web.session.DisableEncodeUrlFilter@5b8f4f70, org.springframework.security.web.context.request.async.WebAsyncManagerIntegrationFilter@45333794, org.springframework.security.web.context.SecurityContextHolderFilter@59e3035e, org.springframework.security.web.header.HeaderWriterFilter@50936d0f, org.springframework.web.filter.CorsFilter@1921af5d, org.springframework.security.web.authentication.logout.LogoutFilter@75e91e78, org.springframework.security.oauth2.client.web.OAuth2AuthorizationRequestRedirectFilter@3d94236f, org.springframework.security.oauth2.client.web.OAuth2LoginAuthenticationFilter@7a8ca788, com.example.project.filters.JwtFilter@4b3ab79c, org.springframework.security.web.authentication.UsernamePasswordAuthenticationFilter@6582a22e, org.springframework.security.web.savedrequest.RequestCacheAwareFilter@2539f42a, org.springframework.security.web.servletapi.SecurityContextHolderAwareRequestFilter@20148729, org.springframework.security.web.authentication.AnonymousAuthenticationFilter@37a24ffa, org.springframework.security.web.session.SessionManagementFilter@34d080f3, org.springframework.security.web.access.ExceptionTranslationFilter@7b9b7af4, org.springframework.security.web.access.intercept.AuthorizationFilter@610a1150]
2026-03-25T19:00:23.631+02:00  INFO 20568 --- [restartedMain] o.s.b.d.a.OptionalLiveReloadServer       : LiveReload server is running on port 35729
2026-03-25T19:00:23.660+02:00  INFO 20568 --- [restartedMain] o.s.b.w.embedded.tomcat.TomcatWebServer  : Tomcat started on port 8081 (http) with context path ''
2026-03-25T19:00:23.668+02:00  INFO 20568 --- [restartedMain] com.example.project.AuthApplication      : Started AuthApplication in 2.936 seconds (process running for 3.097)
2026-03-25T19:01:41.815+02:00  INFO 20568 --- [http-nio-8081-exec-1] o.a.c.c.C.[Tomcat].[localhost].[/]       : Initializing Spring DispatcherServlet 'dispatcherServlet'
2026-03-25T19:01:41.816+02:00  INFO 20568 --- [http-nio-8081-exec-1] o.s.web.servlet.DispatcherServlet        : Initializing Servlet 'dispatcherServlet'
2026-03-25T19:01:41.817+02:00  INFO 20568 --- [http-nio-8081-exec-1] o.s.web.servlet.DispatcherServlet        : Completed initialization in 1 ms
2026-03-25T19:01:41.861+02:00  INFO 20568 --- [http-nio-8081-exec-1] c.e.project.log.DetailedLoggingAspect    : ┌──▶ ВХОД: CustomUserDetailsService.loadUserByUsername
2026-03-25T19:01:41.861+02:00  INFO 20568 --- [http-nio-8081-exec-1] c.e.project.log.DetailedLoggingAspect    : │ Параметры:
2026-03-25T19:01:41.861+02:00  INFO 20568 --- [http-nio-8081-exec-1] c.e.project.log.DetailedLoggingAspect    : │   • identifier = andrey678a@gmail.com
2026-03-25T19:01:41.862+02:00 DEBUG 20568 --- [http-nio-8081-exec-1] c.e.p.s.custom.CustomUserDetailsService  : Попытка загрузить пользователя по identifier: andrey678a@gmail.com
2026-03-25T19:01:41.924+02:00 DEBUG 20568 --- [http-nio-8081-exec-1] org.hibernate.SQL                        : select u1_0.id,u1_0.is_active,u1_0.created_at,u1_0.email,u1_0.password,u1_0.reset_token,u1_0.reset_token_created_at,u1_0.role,u1_0.updated_at,u1_0.username from users u1_0 where upper(u1_0.email)=upper(?)
2026-03-25T19:01:41.952+02:00 DEBUG 20568 --- [http-nio-8081-exec-1] c.e.p.s.custom.CustomUserDetailsService  : Пользователь загружен успешно: andrey678a@gmail.com (email: db40fbe5-c5a4-4b6f-b04b-fc8b6df8706c, id: {})
2026-03-25T19:01:41.953+02:00  INFO 20568 --- [http-nio-8081-exec-1] c.e.project.log.DetailedLoggingAspect    : │ ✓ УСПЕШНО: CustomUserDetailsService.loadUserByUsername
2026-03-25T19:01:41.953+02:00  INFO 20568 --- [http-nio-8081-exec-1] c.e.project.log.DetailedLoggingAspect    : │ Результат: CustomUserDetails com.example.project.service.custom.CustomUserDetails@10320348
2026-03-25T19:01:41.953+02:00  INFO 20568 --- [http-nio-8081-exec-1] c.e.project.log.DetailedLoggingAspect    : │ ⏱ Время: 92 мс
2026-03-25T19:01:41.953+02:00  INFO 20568 --- [http-nio-8081-exec-1] c.e.project.log.DetailedLoggingAspect    : └──▶ ВЫХОД: CustomUserDetailsService.loadUserByUsername
2026-03-25T19:01:41.963+02:00  INFO 20568 --- [http-nio-8081-exec-1] c.e.project.log.DetailedLoggingAspect    : ┌──▶ ВХОД: AuthRestController.me
2026-03-25T19:01:41.963+02:00  INFO 20568 --- [http-nio-8081-exec-1] c.e.project.log.DetailedLoggingAspect    : │ Параметры:
2026-03-25T19:01:41.963+02:00  INFO 20568 --- [http-nio-8081-exec-1] c.e.project.log.DetailedLoggingAspect    : │   • authentication = [PROTECTED]
2026-03-25T19:01:41.970+02:00 DEBUG 20568 --- [http-nio-8081-exec-1] org.hibernate.SQL                        : select u1_0.id,u1_0.is_active,u1_0.created_at,u1_0.email,u1_0.password,u1_0.reset_token,u1_0.reset_token_created_at,u1_0.role,u1_0.updated_at,u1_0.username from users u1_0 where u1_0.id=?
2026-03-25T19:01:41.975+02:00  INFO 20568 --- [http-nio-8081-exec-1] c.e.project.log.DetailedLoggingAspect    : │ ✓ УСПЕШНО: AuthRestController.me
2026-03-25T19:01:41.975+02:00  INFO 20568 --- [http-nio-8081-exec-1] c.e.project.log.DetailedLoggingAspect    : │ Результат: ResponseEntity [PROTECTED]
2026-03-25T19:01:41.975+02:00  INFO 20568 --- [http-nio-8081-exec-1] c.e.project.log.DetailedLoggingAspect    : │ ⏱ Время: 12 мс
2026-03-25T19:01:41.975+02:00  INFO 20568 --- [http-nio-8081-exec-1] c.e.project.log.DetailedLoggingAspect    : └──▶ ВЫХОД: AuthRestController.me
2026-03-25T19:18:28.762+02:00  INFO 20568 --- [SpringApplicationShutdownHook] j.LocalContainerEntityManagerFactoryBean : Closing JPA EntityManagerFactory for persistence unit 'default'
2026-03-25T19:18:28.764+02:00  INFO 20568 --- [SpringApplicationShutdownHook] com.zaxxer.hikari.HikariDataSource       : HikariPool-1 - Shutdown initiated...
2026-03-25T19:18:28.765+02:00  INFO 20568 --- [SpringApplicationShutdownHook] com.zaxxer.hikari.HikariDataSource       : HikariPool-1 - Shutdown completed.
